ply
format ascii 1.0
comment VCGLIB generated
element vertex 484
property float x
property float y
property float z
property float nx
property float ny
property float nz
property int flags
property uchar red
property uchar green
property uchar blue
property uchar alpha
element face 960
property list uchar int vertex_indices
property int flags
property list uchar float texcoord
property uchar red
property uchar green
property uchar blue
property uchar alpha
end_header
500 -8.383431e-06 191.7906 0.5686581 3.595586e-08 -0.8225741 0 230 230 230 255 
433.0248 116.0291 66.96493 0.839096 0.224834 -0.495346 0 230 230 230 255 
482.9639 129.4107 191.7906 0.549283 0.147179 -0.8225731 0 230 230 230 255 
448.2996 -2.92713e-06 66.96492 0.8686965 2.165221e-08 -0.4953448 0 230 230 230 255 
482.895 129.3916 191.8609 -0.5492591 -0.1471731 0.8225902 0 230 230 230 255 
432.9398 116.0057 67.01475 -0.8390833 -0.2248301 0.4953692 0 230 230 230 255 
499.9296 -8.386505e-06 191.8609 -0.5686343 -3.595657e-08 0.8225905 0 230 230 230 255 
448.2132 -2.929307e-06 67.01474 -0.8686843 -2.165315e-08 0.4953662 0 230 230 230 255 
388.2394 224.1498 66.96493 0.7523109 0.434351 -0.4953459 0 230 230 230 255 
388.1647 224.1059 67.01475 -0.7523028 -0.4343399 0.4953679 0 230 230 230 255 
482.9639 -129.4107 191.7906 0.549283 -0.147179 -0.8225731 0 230 230 230 255 
482.895 -129.3917 191.8609 -0.5492598 0.1471719 0.8225899 0 230 230 230 255 
433.0248 -116.0291 66.96491 0.839096 -0.224834 -0.495346 0 230 230 230 255 
432.9398 -116.0057 67.01473 -0.839084 0.224828 0.495369 0 230 230 230 255 
353.5634 94.73618 -40.2443 0.6881788 0.184396 -0.7017179 0 230 230 230 255 
353.4946 94.71861 -40.17396 -0.6881799 -0.1844 0.7017159 0 230 230 230 255 
433.0131 250 191.7906 0.4924718 0.284331 -0.8225737 0 230 230 230 255 
432.9515 249.9648 191.8609 -0.4924529 -0.28432 0.8225888 0 230 230 230 255 
316.9956 183.0175 -40.2443 0.617004 0.3562291 -0.7017171 0 230 230 230 255 
316.9341 182.9823 -40.17396 -0.6170051 -0.3562271 0.7017172 0 230 230 230 255 
353.5634 -94.73618 -40.24431 0.6881788 -0.1843959 -0.7017179 0 230 230 230 255 
353.4946 -94.71861 -40.17397 -0.6881799 0.1843999 0.7017159 0 230 230 230 255 
366.035 1.759134e-06 -40.2443 0.7124558 3.067302e-08 -0.701717 0 230 230 230 255 
365.9647 1.75606e-06 -40.17397 -0.7124564 -3.0673e-08 0.7017164 0 230 230 230 255 
316.9956 316.9957 66.96494 0.6142607 0.6142608 -0.4953458 0 230 230 230 255 
316.9341 316.9342 67.01476 -0.6142527 -0.6142527 0.4953657 0 230 230 230 255 
258.8258 258.8258 -40.24429 0.5037818 0.503783 -0.7017169 0 230 230 230 255 
258.7759 258.776 -40.17395 -0.503783 -0.5037831 0.701716 0 230 230 230 255 
445.0055 -8.383431e-06 191.7906 0.5219482 3.728482e-08 -0.8529773 0 230 230 230 255 
444.9337 -8.386505e-06 191.8609 -0.5219259 -3.728542e-08 0.8529909 0 230 230 230 255 
388.2394 -224.1498 66.96491 0.7523109 -0.4343509 -0.495346 0 230 230 230 255 
388.1647 -224.1073 67.01473 -0.7523021 0.4343421 0.4953671 0 230 230 230 255 
316.9956 -183.0175 -40.24431 0.617004 -0.356229 -0.7017171 0 230 230 230 255 
316.9341 -182.9823 -40.17397 -0.6170051 0.3562251 0.7017182 0 230 230 230 255 
258.8258 5.355035e-06 -122.5089 0.5080642 3.764946e-08 -0.8613192 0 230 230 230 255 
258.7759 5.351255e-06 -122.4225 -0.5080622 -3.764951e-08 0.8613204 0 230 230 230 255 
250.0059 66.98983 -122.5089 0.4907521 0.1314971 -0.8613193 0 230 230 230 255 
249.9575 66.97665 -122.4225 -0.49075 -0.1314991 0.8613202 0 230 230 230 255 
353.5546 353.5532 191.7906 0.4021018 0.4021009 -0.8225747 0 230 230 230 255 
353.5034 353.5034 191.8609 -0.4020858 -0.4020859 0.8225898 0 230 230 230 255 
224.1498 129.4136 -122.5089 0.439999 0.254032 -0.861318 0 230 230 230 255 
224.1058 129.3887 -122.4224 -0.4399971 -0.2540311 0.8613192 0 230 230 230 255 
433.0131 -250 191.7905 0.4924709 -0.284329 -0.8225749 0 230 230 230 255 
432.9515 -249.9648 191.8609 -0.4924539 0.284321 0.8225879 0 230 230 230 255 
429.8421 115.1748 191.7906 0.5041649 0.1350911 -0.852976 0 230 230 230 255 
429.7717 115.1573 191.8609 -0.5041481 -0.1350891 0.8529863 0 230 230 230 255 
250.0059 -66.98981 -122.5089 0.4907521 -0.131497 -0.8613193 0 230 230 230 255 
249.9575 -66.97663 -122.4225 -0.4907508 0.1314989 0.8613197 0 230 230 230 255 
250 433.0132 191.7906 0.28433 0.492472 -0.822574 0 230 230 230 255 
249.9648 432.9516 191.8609 -0.2843199 -0.4924529 0.8225888 0 230 230 230 255 
224.1498 388.2394 66.96494 0.4343508 0.7523117 -0.4953448 0 230 230 230 255 
224.1058 388.1647 67.01476 -0.4343437 -0.7523015 0.4953666 0 230 230 230 255 
183.0175 183.0175 -122.5089 0.359255 0.359257 -0.8613189 0 230 230 230 255 
182.9823 182.9823 -122.4224 -0.3592561 -0.3592552 0.8613192 0 230 230 230 255 
429.8421 -115.1763 191.7906 0.5041631 -0.135091 -0.8529772 0 230 230 230 255 
429.7717 -115.1573 191.8609 -0.5041481 0.135089 0.8529863 0 230 230 230 255 
385.3966 103.2674 80.69669 0.8390948 0.224841 -0.4953449 0 230 230 230 255 
385.3131 103.244 80.74651 -0.8390833 -0.2248321 0.4953682 0 230 230 230 255 
316.9956 -316.9957 66.9649 0.6142602 -0.6142603 -0.4953471 0 230 230 230 255 
316.9341 -316.9342 67.01472 -0.614251 0.6142551 0.495365 0 230 230 230 255 
258.8258 -258.8258 -40.24432 0.5037819 -0.5037829 -0.701717 0 230 230 230 255 
258.7759 -258.776 -40.17398 -0.5037819 0.5037829 0.701717 0 230 230 230 255 
224.1498 -129.4136 -122.5089 0.439999 -0.254032 -0.861318 0 230 230 230 255 
224.1058 -129.3887 -122.4225 -0.4399971 0.2540311 0.8613192 0 230 230 230 255 
133.9782 7.615507e-06 -174.2225 0.2689089 4.210131e-08 -0.9631656 0 230 230 230 255 
133.9518 7.61128e-06 -174.1258 -0.2689089 -1.042101e-06 0.9631656 0 230 230 230 255 
129.4136 34.67599 -174.2225 0.2597481 0.06959507 -0.9631653 0 230 230 230 255 
129.3887 34.66867 -174.1258 -0.259749 -0.06959606 0.963165 0 230 230 230 255 
314.6658 314.6658 191.7906 0.3690748 0.3690749 -0.8529757 0 230 230 230 255 
314.6145 314.6145 191.8609 -0.3690608 -0.3690609 0.8529878 0 230 230 230 255 
385.3864 222.5027 191.7906 0.4520158 0.260971 -0.8529806 0 230 230 230 255 
385.3234 222.4661 191.8609 -0.4520018 -0.260965 0.8529898 0 230 230 230 255 
183.0175 316.9957 -40.24429 0.3562298 0.6170039 -0.7017168 0 230 230 230 255 
182.9823 316.9342 -40.17395 -0.3562279 -0.6170039 0.7017178 0 230 230 230 255 
116.0291 66.98983 -174.2225 0.2328799 0.134459 -0.9631655 0 230 230 230 255 
116.0057 66.97665 -174.1258 -0.23288 -0.134456 0.9631659 0 230 230 230 255 
353.5546 -353.5546 191.7905 0.4021 -0.4021 -0.822576 0 230 230 230 255 
353.5034 -353.5034 191.8609 -0.4020858 0.4020858 0.8225898 0 230 230 230 255 
385.3966 -103.2674 80.69668 0.8390943 -0.2248401 -0.4953462 0 230 230 230 255 
385.3131 -103.244 80.7465 -0.8390834 0.2248321 0.4953682 0 230 230 230 255 
398.9922 -3.527364e-06 80.69669 0.8686948 2.165234e-08 -0.4953478 0 230 230 230 255 
398.9042 -3.529542e-06 80.74651 -0.8686798 -2.165348e-08 0.495374 0 230 230 230 255 
345.5363 199.4953 80.69669 0.7523112 0.4343491 -0.4953471 0 230 230 230 255 
345.4615 199.4529 80.74651 -0.7523003 -0.4343452 0.4953671 0 230 230 230 255 
129.4136 -34.67598 -174.2225 0.2597481 -0.06959498 -0.9631653 0 230 230 230 255 
129.3887 -34.67011 -174.1258 -0.259749 0.06959795 0.9631649 0 230 230 230 255 
116.0291 433.0248 66.96494 0.2248341 0.8390964 -0.4953452 0 230 230 230 255 
116.0057 432.9413 67.01476 -0.22483 -0.839084 0.495368 0 230 230 230 255 
222.5027 385.3864 191.7906 0.2609729 0.452016 -0.8529799 0 230 230 230 255 
222.4661 385.3234 191.8609 -0.2609661 -0.4520022 0.8529893 0 230 230 230 255 
94.73618 353.5634 -40.24429 0.184395 0.6881791 -0.7017179 0 230 230 230 255 
94.7186 353.4946 -40.17395 -0.184398 -0.6881792 0.7017171 0 230 230 230 255 
94.73618 94.73619 -174.2225 0.190141 0.190147 -0.963167 0 230 230 230 255 
94.7186 94.71861 -174.1258 -0.1901449 -0.190149 0.9631658 0 230 230 230 255 
129.4136 224.1498 -122.5089 0.254032 0.439997 -0.861319 0 230 230 230 255 
129.3887 224.1059 -122.4224 -0.254032 -0.439995 0.86132 0 230 230 230 255 
385.3864 -222.5028 191.7905 0.452016 -0.260972 -0.8529801 0 230 230 230 255 
385.3234 -222.4662 191.8609 -0.4520019 0.260965 0.8529899 0 230 230 230 255 
345.5363 -199.4953 80.69668 0.7523112 -0.4343491 -0.4953471 0 230 230 230 255 
345.4615 -199.4529 80.7465 -0.7523003 0.4343451 0.4953672 0 230 230 230 255 
314.6746 84.31609 -14.72088 0.688179 0.184395 -0.701718 0 230 230 230 255 
314.6071 84.29852 -14.64908 -0.68818 -0.184399 0.701716 0 230 230 230 255 
282.1292 162.888 -14.72087 0.617007 0.3562261 -0.7017161 0 230 230 230 255 
282.0676 162.8529 -14.64907 -0.6170059 -0.356226 0.701717 0 230 230 230 255 
250 -433.0132 191.7905 0.2843281 -0.4924722 -0.8225744 0 230 230 230 255 
249.9648 -432.9516 191.8609 -0.2843199 0.4924529 0.8225888 0 230 230 230 255 
224.1498 -388.2394 66.9649 0.4343508 -0.7523117 -0.4953448 0 230 230 230 255 
224.1058 -388.1647 67.01472 -0.4343437 0.7523015 0.4953667 0 230 230 230 255 
183.0175 -183.0175 -122.5089 0.359255 -0.359257 -0.8613189 0 230 230 230 255 
182.9823 -182.9823 -122.4225 -0.359258 0.359254 0.8613189 0 230 230 230 255 
116.0291 -66.98981 -174.2225 0.2328799 -0.1344589 -0.9631655 0 230 230 230 255 
116.0057 -66.97663 -174.1258 -0.232878 0.134457 0.9631662 0 230 230 230 255 
0 8.386505e-06 -191.8609 0 4.371139e-08 -1 0 230 230 230 255 
0 8.38215e-06 -191.7612 0 -4.371139e-08 1 0 230 230 230 255 
129.4092 482.9639 191.7906 0.147179 0.5492831 -0.8225731 0 230 230 230 255 
129.3916 482.895 191.8609 -0.147175 -0.5492612 0.8225884 0 230 230 230 255 
282.1292 282.1292 80.6967 0.614261 0.6142611 -0.4953451 0 230 230 230 255 
282.0676 282.0677 80.74652 -0.6142539 -0.614253 0.495364 0 230 230 230 255 
314.6658 -314.6658 191.7905 0.3690748 -0.3690748 -0.8529757 0 230 230 230 255 
314.6145 -314.6145 191.8609 -0.3690608 0.3690608 0.8529878 0 230 230 230 255 
314.6746 -84.31757 -14.72088 0.6881791 -0.184398 -0.7017171 0 230 230 230 255 
314.6071 -84.29852 -14.64908 -0.688181 0.184399 0.7017151 0 230 230 230 255 
282.1292 -162.888 -14.72089 0.6170059 -0.3562279 -0.701716 0 230 230 230 255 
282.0676 -162.8529 -14.64909 -0.6170068 0.3562269 0.7017158 0 230 230 230 255 
325.7746 6.434701e-07 -14.72088 0.7124549 1.030673e-06 -0.701718 0 230 230 230 255 
325.7042 6.403316e-07 -14.64908 -0.7124589 -3.067289e-08 0.7017139 0 230 230 230 255 
230.3585 230.3585 -14.72087 0.5037838 0.5037839 -0.7017148 0 230 230 230 255 
230.3087 230.3087 -14.64907 -0.5037839 -0.5037851 0.7017139 0 230 230 230 255 
183.0175 -316.9957 -40.24432 0.3562299 -0.6170039 -0.7017169 0 230 230 230 255 
182.9823 -316.9342 -40.17398 -0.3562291 0.6170051 0.7017162 0 230 230 230 255 
0 500 191.7906 0 0.5686581 -0.822574 0 230 230 230 255 
0 499.9297 191.8609 1e-06 -0.5686363 0.8225892 0 230 230 230 255 
0 448.2997 66.96494 0 0.8686963 -0.4953452 0 230 230 230 255 
0 448.2132 67.01476 0 -0.8686839 0.4953668 0 230 230 230 255 
199.4953 345.5363 80.6967 0.434349 0.75231 -0.495349 0 230 230 230 255 
199.4528 345.4615 80.74652 -0.434345 -0.7522991 0.495369 0 230 230 230 255 
115.1763 429.8421 191.7906 0.13509 0.5041633 -0.8529772 0 230 230 230 255 
115.1573 429.7718 191.8609 -0.135088 -0.5041491 0.8529859 0 230 230 230 255 
66.98836 250.0059 -122.5089 0.1314939 0.4907527 -0.8613195 0 230 230 230 255 
66.97517 249.959 -122.4224 -0.131498 -0.4907521 0.8613192 0 230 230 230 255 
66.98836 116.0292 -174.2225 0.1344579 0.23288 -0.9631656 0 230 230 230 255 
66.97517 116.0057 -174.1258 -0.134454 -0.2328791 0.9631664 0 230 230 230 255 
282.1292 -282.1292 80.69667 0.614261 -0.6142611 -0.4953451 0 230 230 230 255 
282.0676 -282.0677 80.74649 -0.6142535 0.6142536 0.4953637 0 230 230 230 255 
230.3585 -230.3585 -14.72089 0.5037842 -0.5037842 -0.7017143 0 230 230 230 255 
230.3087 -230.3087 -14.64909 -0.5037839 0.503785 0.7017139 0 230 230 230 255 
230.3585 3.843847e-06 -87.93697 0.5080622 1.03765e-06 -0.8613204 0 230 230 230 255 
230.3087 3.840068e-06 -87.85051 -0.5080649 -1.037649e-06 0.8613188 0 230 230 230 255 
222.5086 59.6206 -87.93697 0.49075 0.1314991 -0.8613202 0 230 230 230 255 
222.4603 59.60741 -87.85051 -0.490752 -0.1314991 0.8613191 0 230 230 230 255 
199.4953 115.1793 -87.93696 0.4399949 0.254029 -0.8613209 0 230 230 230 255 
199.4528 115.1543 -87.8505 -0.4400009 -0.254029 0.8613179 0 230 230 230 255 
116.0291 -433.0248 66.9649 0.2248341 -0.8390964 -0.4953452 0 230 230 230 255 
116.0057 -432.9413 67.01472 -0.22483 0.839084 0.4953681 0 230 230 230 255 
222.5027 -385.3864 191.7905 0.2609729 -0.4520159 -0.8529799 0 230 230 230 255 
222.4661 -385.3234 191.8609 -0.2609661 0.4520021 0.8529893 0 230 230 230 255 
94.73618 -353.5634 -40.24432 0.184395 -0.688179 -0.701718 0 230 230 230 255 
94.7186 -353.4946 -40.17398 -0.184398 0.6881801 0.7017162 0 230 230 230 255 
129.4136 -224.1498 -122.5089 0.254032 -0.439997 -0.8613191 0 230 230 230 255 
129.3887 -224.1073 -122.4225 -0.254033 0.439996 0.8613192 0 230 230 230 255 
94.73618 -94.73618 -174.2225 0.190141 -0.1901469 -0.963167 0 230 230 230 255 
94.7186 -94.7186 -174.1258 -0.190145 0.190148 0.963166 0 230 230 230 255 
0 366.035 -40.24429 1e-06 0.7124555 -0.7017174 0 230 230 230 255 
0 365.9647 -40.17395 0 -0.7124559 0.7017169 0 230 230 230 255 
103.266 385.3966 80.6967 0.2248329 0.8390946 -0.4953487 0 230 230 230 255 
103.244 385.3131 80.74652 -0.2248299 -0.8390818 0.4953718 0 230 230 230 255 
34.67598 129.4136 -174.2225 0.06959802 0.2597471 -0.9631654 0 230 230 230 255 
34.67012 129.3887 -174.1258 -0.06960201 -0.2597471 0.9631652 0 230 230 230 255 
222.5086 -59.62206 -87.93697 0.4907488 -0.1314999 -0.8613207 0 230 230 230 255 
222.4603 -59.60887 -87.85051 -0.490752 0.1315 0.8613189 0 230 230 230 255 
199.4953 -115.1792 -87.93697 0.4399947 -0.2540309 -0.8613205 0 230 230 230 255 
199.4528 -115.1543 -87.85052 -0.4399999 0.2540309 0.8613179 0 230 230 230 255 
162.888 162.888 -87.93696 0.3592539 0.3592539 -0.8613207 0 230 230 230 255 
162.8528 162.8529 -87.8505 -0.3592551 -0.3592562 0.8613192 0 230 230 230 255 
129.4092 -482.9639 191.7905 0.147179 -0.549283 -0.8225731 0 230 230 230 255 
129.3916 -482.895 191.8609 -0.1471751 0.5492612 0.8225884 0 230 230 230 255 
66.98836 -116.0291 -174.2225 0.1344579 -0.2328799 -0.9631656 0 230 230 230 255 
66.97517 -116.0057 -174.1258 -0.134453 0.2328779 0.9631668 0 230 230 230 255 
-129.4107 482.9639 191.7906 -0.1471799 0.5492819 -0.8225737 0 230 230 230 255 
-129.3916 482.895 191.8609 0.147174 -0.549261 0.8225888 0 230 230 230 255 
0 445.0055 191.7906 -1e-06 0.5219451 -0.8529791 0 230 230 230 255 
0 444.9337 191.8609 3e-06 -0.5219241 0.852992 0 230 230 230 255 
-116.0291 433.0248 66.96494 -0.224834 0.839096 -0.495346 0 230 230 230 255 
-116.0057 432.9413 67.01476 0.2248299 -0.8390847 0.4953668 0 230 230 230 255 
162.888 282.1292 -14.72087 0.3562269 0.6170068 -0.7017158 0 230 230 230 255 
162.8528 282.0677 -14.64907 -0.3562231 -0.6170083 0.7017164 0 230 230 230 255 
84.31756 314.6746 -14.72087 0.184397 0.6881803 -0.7017162 0 230 230 230 255 
84.29851 314.6057 -14.64907 -0.184397 -0.6881803 0.7017162 0 230 230 230 255 
0 258.8258 -122.5089 9.999997e-07 0.508065 -0.8613188 0 230 230 230 255 
0 258.776 -122.4224 0 -0.5080631 0.8613199 0 230 230 230 255 
0 133.9782 -174.2225 -9.999998e-07 0.268908 -0.9631659 0 230 230 230 255 
0 133.9518 -174.1258 1e-06 -0.2689061 0.9631664 0 230 230 230 255 
199.4953 -345.5363 80.69667 0.434349 -0.75231 -0.495349 0 230 230 230 255 
199.4528 -345.4615 80.74649 -0.4343461 0.7522991 0.4953681 0 230 230 230 255 
162.888 -162.888 -87.93697 0.359255 -0.359254 -0.8613202 0 230 230 230 255 
162.8528 -162.8529 -87.85052 -0.359255 0.359257 0.8613189 0 230 230 230 255 
119.2412 5.855668e-06 -133.9621 0.2689089 4.210131e-08 -0.9631656 0 230 230 230 255 
119.2163 5.851441e-06 -133.8654 -0.2689061 -4.210134e-08 0.9631664 0 230 230 230 255 
115.1792 30.86169 -133.9621 0.2597499 0.06959802 -0.9631646 0 230 230 230 255 
115.1543 30.85583 -133.8654 -0.259744 -0.06960006 0.9631661 0 230 230 230 255 
103.266 59.6206 -133.9621 0.2328809 0.134455 -0.9631658 0 230 230 230 255 
103.244 59.60741 -133.8654 -0.232876 -0.1344541 0.9631671 0 230 230 230 255 
0 -500 191.7905 0 -0.5686581 -0.8225741 0 230 230 230 255 
0 -499.9297 191.8609 0 0.5686368 0.8225887 0 230 230 230 255 
0 -448.2997 66.9649 0 -0.8686965 -0.4953448 0 230 230 230 255 
0 -448.2132 67.01472 0 0.8686832 0.4953682 0 230 230 230 255 
115.1763 -429.8421 191.7905 0.13509 -0.5041632 -0.8529773 0 230 230 230 255 
115.1573 -429.7718 191.8609 -0.135088 0.504149 0.8529859 0 230 230 230 255 
66.98836 -250.0059 -122.5089 0.1314939 -0.4907526 -0.8613195 0 230 230 230 255 
66.97517 -249.959 -122.4225 -0.131493 0.490752 0.86132 0 230 230 230 255 
34.67598 -129.4136 -174.2225 0.06959802 -0.2597471 -0.9631654 0 230 230 230 255 
34.67012 -129.3887 -174.1258 -0.06960601 0.259746 0.9631652 0 230 230 230 255 
-115.1763 429.8421 191.7906 -0.135088 0.5041641 -0.8529771 0 230 230 230 255 
-115.1573 429.7718 191.8609 0.135085 -0.5041481 0.852987 0 230 230 230 255 
-94.73618 353.5634 -40.24429 -0.184395 0.6881801 -0.701717 0 230 230 230 255 
-94.7186 353.4946 -40.17395 0.184399 -0.688178 0.7017179 0 230 230 230 255 
0 398.9907 80.6967 -1e-06 0.8686941 -0.495349 0 230 230 230 255 
0 398.9042 80.74652 1.999999e-06 -0.8686805 0.4953727 0 230 230 230 255 
-34.67598 129.4136 -174.2225 -0.06959502 0.2597481 -0.9631653 0 230 230 230 255 
-34.67012 129.3887 -174.1258 0.06959901 -0.2597481 0.963165 0 230 230 230 255 
103.266 -385.3966 80.69667 0.224836 -0.8390942 -0.4953481 0 230 230 230 255 
103.244 -385.3131 80.74649 -0.224834 0.839083 0.495368 0 230 230 230 255 
162.888 -282.1292 -14.72089 0.3562269 -0.6170068 -0.7017158 0 230 230 230 255 
162.8528 -282.0677 -14.64909 -0.3562279 0.6170049 0.701717 0 230 230 230 255 
115.1792 -30.86168 -133.9621 0.25975 -0.06959596 -0.9631648 0 230 230 230 255 
115.1543 -30.85582 -133.8654 -0.259744 0.06959797 0.9631662 0 230 230 230 255 
103.266 -59.62205 -133.9621 0.2328841 -0.134453 -0.9631653 0 230 230 230 255 
103.244 -59.60886 -133.8654 -0.2328769 0.1344549 0.9631668 0 230 230 230 255 
84.31756 84.3161 -133.9621 0.190153 0.190145 -0.963165 0 230 230 230 255 
84.29851 84.29852 -133.8654 -0.1901449 -0.190145 0.9631666 0 230 230 230 255 
115.1792 199.4953 -87.93696 0.2540291 0.4399962 -0.8613203 0 230 230 230 255 
115.1543 199.4529 -87.8505 -0.2540291 -0.4400001 0.8613182 0 230 230 230 255 
0 -366.035 -40.24432 1e-06 -0.7124553 -0.7017175 0 230 230 230 255 
0 -365.9647 -40.17398 0 0.7124568 0.7017159 0 230 230 230 255 
0 -133.9782 -174.2225 -9.999998e-07 -0.2689079 -0.9631659 0 230 230 230 255 
0 -133.9533 -174.1258 0 0.2689089 0.9631656 0 230 230 230 255 
-250 433.0132 191.7906 -0.28433 0.492472 -0.822574 0 230 230 230 255 
-249.9648 432.9516 191.8609 0.2843198 -0.4924537 0.8225884 0 230 230 230 255 
-222.5027 385.3864 191.7906 -0.2609749 0.4520149 -0.8529799 0 230 230 230 255 
-222.4661 385.3234 191.8609 0.2609659 -0.452003 0.8529889 0 230 230 230 255 
-224.1498 388.2394 66.96494 -0.4343498 0.7523117 -0.4953457 0 230 230 230 255 
-224.1058 388.1647 67.01476 0.434343 -0.752301 0.495368 0 230 230 230 255 
0 325.7746 -14.72087 9.999999e-07 0.712458 -0.7017148 0 230 230 230 255 
0 325.7043 -14.64907 -2e-06 -0.712458 0.7017148 0 230 230 230 255 
-66.98981 250.0059 -122.5089 -0.131496 0.4907518 -0.8613197 0 230 230 230 255 
-66.97663 249.959 -122.4224 0.1314989 -0.4907528 0.8613186 0 230 230 230 255 
-66.98981 116.0292 -174.2225 -0.134461 0.2328801 -0.9631652 0 230 230 230 255 
-66.97663 116.0057 -174.1258 0.134457 -0.232879 0.963166 0 230 230 230 255 
84.31756 -314.6746 -14.72089 0.1843969 -0.6881797 -0.7017168 0 230 230 230 255 
84.29851 -314.6072 -14.64909 -0.1843961 0.6881803 0.7017164 0 230 230 230 255 
115.1792 -199.4953 -87.93697 0.2540291 -0.4399961 -0.8613203 0 230 230 230 255 
115.1543 -199.4529 -87.85052 -0.2540299 0.4399988 0.8613187 0 230 230 230 255 
84.31756 -84.31756 -133.9621 0.1901509 -0.1901489 -0.9631646 0 230 230 230 255 
84.29851 -84.29851 -133.8654 -0.1901419 0.1901469 0.9631668 0 230 230 230 255 
0 6.541924e-06 -149.6618 0 4.371139e-08 -1 0 230 230 230 255 
0 6.537505e-06 -149.5607 0 -4.371139e-08 1 0 230 230 230 255 
-116.0291 -433.0248 66.9649 -0.2248339 -0.839096 -0.495346 0 230 230 230 255 
-116.0057 -432.9413 67.01472 0.22483 0.839084 0.4953681 0 230 230 230 255 
0 -445.0055 191.7905 0 -0.5219482 -0.8529773 0 230 230 230 255 
0 -444.9337 191.8609 0 0.5219278 0.8529897 0 230 230 230 255 
-94.73618 -353.5634 -40.24432 -0.1843959 -0.6881799 -0.701717 0 230 230 230 255 
-94.7186 -353.4946 -40.17398 0.184398 0.6881801 0.7017162 0 230 230 230 255 
0 -258.8258 -122.5089 9.999997e-07 -0.5080649 -0.8613188 0 230 230 230 255 
0 -258.776 -122.4225 0 0.5080642 0.8613192 0 230 230 230 255 
-34.67598 -129.4136 -174.2225 -0.06959502 -0.2597481 -0.9631653 0 230 230 230 255 
-34.67012 -129.3887 -174.1258 0.06960397 0.2597449 0.9631656 0 230 230 230 255 
-103.2674 385.3966 80.6967 -0.2248331 0.8390955 -0.4953472 0 230 230 230 255 
-103.244 385.3131 80.74652 0.2248289 -0.8390839 0.4953688 0 230 230 230 255 
-183.0175 316.9957 -40.24429 -0.3562298 0.6170039 -0.7017168 0 230 230 230 255 
-182.9823 316.9342 -40.17395 0.356229 -0.6170041 0.7017171 0 230 230 230 255 
59.62059 222.5086 -87.93696 0.1314979 0.4907509 -0.8613198 0 230 230 230 255 
59.6074 222.4603 -87.8505 -0.131497 -0.4907541 0.8613182 0 230 230 230 255 
-129.4136 224.1498 -122.5089 -0.2540338 0.4399968 -0.8613185 0 230 230 230 255 
-129.3887 224.1059 -122.4224 0.2540341 -0.4399952 0.8613193 0 230 230 230 255 
-94.73618 94.73619 -174.2225 -0.190143 0.190145 -0.963167 0 230 230 230 255 
-94.7186 94.71861 -174.1258 0.1901469 -0.190147 0.9631658 0 230 230 230 255 
0 -325.7746 -14.72089 2e-06 -0.7124549 -0.701718 0 230 230 230 255 
0 -325.7043 -14.64909 -3.000002e-06 0.7124553 0.7017175 0 230 230 230 255 
59.62059 103.2674 -133.9621 0.1344569 0.232885 -0.9631646 0 230 230 230 255 
59.6074 103.244 -133.8654 -0.134452 -0.232878 0.963167 0 230 230 230 255 
-129.4107 -482.9639 191.7905 -0.147179 -0.549283 -0.8225731 0 230 230 230 255 
-129.3916 -482.895 191.8609 0.147175 0.5492619 0.822588 0 230 230 230 255 
0 -398.9922 80.69667 9.999997e-07 -0.8686948 -0.4953478 0 230 230 230 255 
0 -398.9057 80.74649 -1e-06 0.8686814 0.4953713 0 230 230 230 255 
-66.98981 -250.0059 -122.5089 -0.131496 -0.4907517 -0.8613197 0 230 230 230 255 
-66.97663 -249.959 -122.4225 0.131494 0.4907538 0.8613188 0 230 230 230 255 
-66.98981 -116.0291 -174.2225 -0.134461 -0.23288 -0.9631652 0 230 230 230 255 
-66.97663 -116.0057 -174.1258 0.134456 0.232879 0.9631661 0 230 230 230 255 
-353.5546 353.5532 191.7906 -0.402103 0.402101 -0.822574 0 230 230 230 255 
-353.5034 353.5034 191.8609 0.402087 -0.4020861 0.8225891 0 230 230 230 255 
-314.6658 314.6658 191.7906 -0.3690728 0.3690749 -0.8529766 0 230 230 230 255 
-314.6145 314.6145 191.8609 0.3690608 -0.3690609 0.8529878 0 230 230 230 255 
-199.4953 345.5363 80.6967 -0.4343521 0.7523081 -0.4953491 0 230 230 230 255 
-199.4528 345.4615 80.74652 0.4343461 -0.7522971 0.4953711 0 230 230 230 255 
-316.9956 316.9957 66.96494 -0.6142608 0.6142599 -0.4953468 0 230 230 230 255 
-316.9341 316.9342 67.01476 0.6142522 -0.6142522 0.4953671 0 230 230 230 255 
0 230.3585 -87.93696 9.999997e-07 0.508065 -0.8613188 0 230 230 230 255 
0 230.3087 -87.8505 0 -0.5080681 0.861317 0 230 230 230 255 
-84.31756 314.6746 -14.72087 -0.1843979 0.6881797 -0.7017166 0 230 230 230 255 
-84.29851 314.6057 -14.64907 0.184399 -0.6881791 0.701717 0 230 230 230 255 
-116.0291 66.98983 -174.2225 -0.2328799 0.134459 -0.9631655 0 230 230 230 255 
-116.0057 66.97665 -174.1258 0.23288 -0.134456 0.9631659 0 230 230 230 255 
59.62059 -222.5086 -87.93697 0.1314979 -0.4907508 -0.8613198 0 230 230 230 255 
59.6074 -222.4603 -87.85052 -0.1314961 0.4907522 0.8613194 0 230 230 230 255 
59.62059 -103.2674 -133.9621 0.134451 -0.232886 -0.9631652 0 230 230 230 255 
59.6074 -103.244 -133.8654 -0.134452 0.2328779 0.963167 0 230 230 230 255 
30.86168 115.1793 -133.9621 0.06959902 0.2597471 -0.9631653 0 230 230 230 255 
30.85582 115.1543 -133.8654 -0.069602 -0.259744 0.963166 0 230 230 230 255 
-224.1498 -388.2394 66.9649 -0.4343491 -0.7523112 -0.4953472 0 230 230 230 255 
-224.1058 -388.1647 67.01472 0.434343 0.752301 0.4953681 0 230 230 230 255 
-183.0175 -316.9957 -40.24432 -0.3562299 -0.6170039 -0.7017169 0 230 230 230 255 
-182.9823 -316.9342 -40.17398 0.3562299 0.6170049 0.7017159 0 230 230 230 255 
-115.1763 -429.8421 191.7905 -0.135091 -0.5041631 -0.8529772 0 230 230 230 255 
-115.1573 -429.7718 191.8609 0.135089 0.5041481 0.8529863 0 230 230 230 255 
-103.2674 -385.3966 80.69667 -0.2248401 -0.8390943 -0.4953462 0 230 230 230 255 
-103.244 -385.3131 80.74649 0.224836 0.839083 0.495367 0 230 230 230 255 
-94.73618 -94.73618 -174.2225 -0.190143 -0.1901449 -0.963167 0 230 230 230 255 
-94.7186 -94.7186 -174.1258 0.190147 0.190146 0.963166 0 230 230 230 255 
-183.0175 183.0175 -122.5089 -0.359255 0.359257 -0.8613189 0 230 230 230 255 
-182.9823 182.9823 -122.4224 0.3592561 -0.3592552 0.8613192 0 230 230 230 255 
-258.8258 258.8258 -40.24429 -0.5037823 0.5037833 -0.7017164 0 230 230 230 255 
-258.7759 258.776 -40.17395 0.5037828 -0.5037839 0.7017156 0 230 230 230 255 
-129.4136 34.67599 -174.2225 -0.259746 0.06959505 -0.9631659 0 230 230 230 255 
-129.3887 34.66867 -174.1258 0.259748 -0.06959706 0.9631652 0 230 230 230 255 
-84.31756 -314.6746 -14.72089 -0.1843979 -0.6881786 -0.7017176 0 230 230 230 255 
-84.29851 -314.6072 -14.64909 0.1843999 0.6881799 0.7017159 0 230 230 230 255 
0 -230.3585 -87.93697 9.999997e-07 -0.5080649 -0.8613188 0 230 230 230 255 
0 -230.3087 -87.85052 -1.999999e-06 0.5080668 0.8613177 0 230 230 230 255 
30.86168 -115.1792 -133.9621 0.06959902 -0.2597471 -0.9631653 0 230 230 230 255 
30.85582 -115.1543 -133.8654 -0.069602 0.259744 0.963166 0 230 230 230 255 
0 119.2427 -133.9621 0 0.2689111 -0.963165 0 230 230 230 255 
0 119.2163 -133.8654 9.999999e-07 -0.268905 0.9631668 0 230 230 230 255 
-250 -433.0132 191.7905 -0.2843289 -0.4924729 -0.8225738 0 230 230 230 255 
-249.9648 -432.9516 191.8609 0.28432 0.492454 0.8225881 0 230 230 230 255 
-129.4136 -224.1498 -122.5089 -0.2540339 -0.4399968 -0.8613186 0 230 230 230 255 
-129.3887 -224.1073 -122.4225 0.2540349 0.4399958 0.8613187 0 230 230 230 255 
-222.5027 -385.3864 191.7905 -0.2609721 -0.4520141 -0.8529812 0 230 230 230 255 
-222.4661 -385.3234 191.8609 0.2609639 0.4520028 0.8529897 0 230 230 230 255 
-116.0291 -66.98981 -174.2225 -0.2328799 -0.1344589 -0.9631655 0 230 230 230 255 
-116.0057 -66.97663 -174.1258 0.232878 0.134457 0.9631662 0 230 230 230 255 
-433.0131 250 191.7906 -0.4924718 0.284331 -0.8225737 0 230 230 230 255 
-432.9515 249.9648 191.8609 0.4924529 -0.28432 0.8225888 0 230 230 230 255 
-385.3864 222.5027 191.7906 -0.4520158 0.260971 -0.8529806 0 230 230 230 255 
-385.3234 222.4661 191.8609 0.4520018 -0.260965 0.8529898 0 230 230 230 255 
-282.1292 282.1292 80.6967 -0.61426 0.6142631 -0.495344 0 230 230 230 255 
-282.0676 282.0677 80.74652 0.6142517 -0.6142538 0.4953657 0 230 230 230 255 
-162.888 282.1292 -14.72087 -0.3562279 0.6170071 -0.701715 0 230 230 230 255 
-162.8528 282.0677 -14.64907 0.3562269 -0.6170089 0.7017139 0 230 230 230 255 
-388.2394 224.1498 66.96493 -0.7523109 0.434351 -0.4953459 0 230 230 230 255 
-388.1647 224.1059 67.01475 0.752301 -0.4343441 0.495367 0 230 230 230 255 
-59.62059 222.5086 -87.93696 -0.131499 0.4907501 -0.8613201 0 230 230 230 255 
-59.6074 222.4603 -87.8505 0.131497 -0.4907529 0.8613189 0 230 230 230 255 
-224.1498 129.4136 -122.5089 -0.4399961 0.2540361 -0.8613182 0 230 230 230 255 
-224.1058 129.3887 -122.4224 0.4399939 -0.254035 0.8613198 0 230 230 230 255 
-133.9782 7.615507e-06 -174.2225 -0.2689071 4.210133e-08 -0.9631662 0 230 230 230 255 
-133.9518 7.61128e-06 -174.1258 0.2689071 -1.042102e-06 0.9631662 0 230 230 230 255 
0 -119.2427 -133.9621 0 -0.2689111 -0.963165 0 230 230 230 255 
0 -119.2163 -133.8654 9.999999e-07 0.268905 0.9631668 0 230 230 230 255 
-30.86168 115.1793 -133.9621 -0.06959902 0.2597471 -0.9631653 0 230 230 230 255 
-30.85582 115.1543 -133.8654 0.06960198 -0.2597449 0.9631657 0 230 230 230 255 
-353.5546 -353.5546 191.7905 -0.4021021 -0.4020992 -0.8225753 0 230 230 230 255 
-353.5034 -353.5034 191.8609 0.402087 0.402086 0.8225891 0 230 230 230 255 
-316.9956 -316.9957 66.9649 -0.6142609 -0.614258 -0.495349 0 230 230 230 255 
-316.9341 -316.9342 67.01472 0.6142511 0.6142541 0.4953661 0 230 230 230 255 
-183.0175 -183.0175 -122.5089 -0.359255 -0.359257 -0.8613189 0 230 230 230 255 
-182.9823 -182.9823 -122.4225 0.359258 0.359254 0.8613189 0 230 230 230 255 
-199.4953 -345.5363 80.69667 -0.434351 -0.7523101 -0.4953471 0 230 230 230 255 
-199.4528 -345.4615 80.74649 0.4343459 0.7522979 0.49537 0 230 230 230 255 
-162.888 -282.1292 -14.72089 -0.3562279 -0.6170059 -0.701716 0 230 230 230 255 
-162.8528 -282.0677 -14.64909 0.3562311 0.6170061 0.7017142 0 230 230 230 255 
-129.4136 -34.67598 -174.2225 -0.259746 -0.06959496 -0.9631659 0 230 230 230 255 
-129.3887 -34.67011 -174.1258 0.2597481 0.06959797 0.9631652 0 230 230 230 255 
-115.1792 199.4953 -87.93696 -0.2540291 0.4399962 -0.8613203 0 230 230 230 255 
-115.1543 199.4529 -87.8505 0.2540291 -0.4400001 0.8613182 0 230 230 230 255 
-316.9956 183.0175 -40.2443 -0.6170039 0.3562299 -0.7017169 0 230 230 230 255 
-316.9341 182.9823 -40.17396 0.617004 -0.3562291 0.7017171 0 230 230 230 255 
-250.0073 66.98983 -122.5089 -0.4907542 0.1314961 -0.8613183 0 230 230 230 255 
-249.959 66.97665 -122.4225 0.490752 -0.1314981 0.8613192 0 230 230 230 255 
-59.62059 -222.5086 -87.93697 -0.131499 -0.4907501 -0.8613202 0 230 230 230 255 
-59.6074 -222.4603 -87.85052 0.131497 0.4907502 0.8613204 0 230 230 230 255 
-30.86168 -115.1792 -133.9621 -0.06959902 -0.2597471 -0.9631653 0 230 230 230 255 
-30.85582 -115.1543 -133.8654 0.06960198 0.2597449 0.9631657 0 230 230 230 255 
-59.62059 103.2674 -133.9621 -0.134457 0.232884 -0.9631648 0 230 230 230 255 
-59.6074 103.244 -133.8654 0.134452 -0.232878 0.963167 0 230 230 230 255 
-314.6658 -314.6658 191.7905 -0.3690728 -0.3690748 -0.8529766 0 230 230 230 255 
-314.6145 -314.6145 191.8609 0.3690608 0.3690608 0.8529878 0 230 230 230 255 
-258.8258 -258.8258 -40.24432 -0.5037823 -0.5037832 -0.7017164 0 230 230 230 255 
-258.7759 -258.776 -40.17398 0.503782 0.5037841 0.7017161 0 230 230 230 255 
-115.1792 -199.4953 -87.93697 -0.2540291 -0.4399961 -0.8613203 0 230 230 230 255 
-115.1543 -199.4529 -87.85052 0.2540299 0.4399988 0.8613187 0 230 230 230 255 
-224.1498 -129.4136 -122.5089 -0.4399961 -0.2540361 -0.8613182 0 230 230 230 255 
-224.1058 -129.3887 -122.4225 0.4399939 0.2540349 0.8613198 0 230 230 230 255 
-482.9639 129.4107 191.7906 -0.549283 0.147179 -0.8225731 0 230 230 230 255 
-482.895 129.3916 191.8609 0.5492619 -0.147175 0.822588 0 230 230 230 255 
-429.8421 115.1748 191.7906 -0.5041649 0.1350911 -0.852976 0 230 230 230 255 
-429.7717 115.1573 191.8609 0.5041481 -0.1350891 0.8529863 0 230 230 230 255 
-345.5363 199.4953 80.69669 -0.7523112 0.4343491 -0.4953471 0 230 230 230 255 
-345.4615 199.4529 80.74651 0.7523003 -0.4343452 0.4953671 0 230 230 230 255 
-230.3585 230.3585 -14.72087 -0.5037839 0.5037851 -0.7017139 0 230 230 230 255 
-230.3087 230.3087 -14.64907 0.5037838 -0.5037879 0.7017119 0 230 230 230 255 
-162.888 162.888 -87.93696 -0.3592541 0.3592542 -0.8613204 0 230 230 230 255 
-162.8528 162.8529 -87.8505 0.3592551 -0.3592562 0.8613192 0 230 230 230 255 
-433.0248 116.0291 66.96493 -0.839096 0.224834 -0.495346 0 230 230 230 255 
-432.9413 116.0057 67.01475 0.839084 -0.22483 0.495368 0 230 230 230 255 
-258.8258 5.355035e-06 -122.5089 -0.5080649 3.764944e-08 -0.8613188 0 230 230 230 255 
-258.7759 5.351255e-06 -122.4225 0.508063 -3.764949e-08 0.86132 0 230 230 230 255 
-250.0073 -66.98981 -122.5089 -0.4907542 -0.131496 -0.8613183 0 230 230 230 255 
-249.959 -66.97663 -122.4225 0.4907529 0.1314969 0.8613189 0 230 230 230 255 
-59.62059 -103.2674 -133.9621 -0.134451 -0.232886 -0.9631652 0 230 230 230 255 
-59.6074 -103.244 -133.8654 0.134452 0.2328779 0.963167 0 230 230 230 255 
-84.31756 84.3161 -133.9621 -0.1901481 0.1901481 -0.9631653 0 230 230 230 255 
-84.29851 84.29852 -133.8654 0.1901449 -0.190145 0.9631666 0 230 230 230 255 
-433.0131 -250 191.7905 -0.4924713 -0.2843292 -0.8225746 0 230 230 230 255 
-432.9515 -249.9648 191.8609 0.4924539 0.284321 0.8225879 0 230 230 230 255 
-385.3864 -222.5028 191.7905 -0.452016 -0.260972 -0.8529801 0 230 230 230 255 
-385.3234 -222.4662 191.8609 0.4520019 0.260965 0.8529899 0 230 230 230 255 
-388.2394 -224.1498 66.96491 -0.7523109 -0.4343509 -0.495346 0 230 230 230 255 
-388.1647 -224.1073 67.01473 0.752301 0.434345 0.4953661 0 230 230 230 255 
-282.1292 -282.1292 80.69667 -0.6142599 -0.614263 -0.495344 0 230 230 230 255 
-282.0676 -282.0677 80.74649 0.6142517 0.6142538 0.4953658 0 230 230 230 255 
-162.888 -162.888 -87.93697 -0.3592549 -0.3592549 -0.8613198 0 230 230 230 255 
-162.8528 -162.8529 -87.85052 0.359255 0.359257 0.8613189 0 230 230 230 255 
-445.0055 -8.383431e-06 191.7906 -0.5219482 3.728482e-08 -0.8529773 0 230 230 230 255 
-444.9337 -8.386505e-06 191.8609 0.5219278 -3.728536e-08 0.8529897 0 230 230 230 255 
-353.5634 94.73618 -40.2443 -0.6881803 0.1843961 -0.7017164 0 230 230 230 255 
-353.4946 94.71861 -40.17396 0.6881796 -0.1843979 0.7017167 0 230 230 230 255 
-84.31756 -84.31756 -133.9621 -0.190146 -0.190152 -0.963165 0 230 230 230 255 
-84.29851 -84.29851 -133.8654 0.1901419 0.1901469 0.9631668 0 230 230 230 255 
-103.2674 59.6206 -133.9621 -0.232885 0.134454 -0.963165 0 230 230 230 255 
-103.244 59.60741 -133.8654 0.232876 -0.1344541 0.9631671 0 230 230 230 255 
-316.9956 -183.0175 -40.24431 -0.6170039 -0.3562299 -0.7017169 0 230 230 230 255 
-316.9341 -182.9823 -40.17397 0.617004 0.356227 0.7017182 0 230 230 230 255 
-230.3585 -230.3585 -14.72089 -0.5037839 -0.503785 -0.7017139 0 230 230 230 255 
-230.3087 -230.3087 -14.64909 0.5037839 0.5037879 0.701712 0 230 230 230 255 
-500 -8.383431e-06 191.7906 -0.5686581 3.595586e-08 -0.8225741 0 230 230 230 255 
-499.9296 -8.386505e-06 191.8609 0.5686368 -3.59565e-08 0.8225887 0 230 230 230 255 
-482.9639 -129.4107 191.7906 -0.549283 -0.147179 -0.8225731 0 230 230 230 255 
-482.895 -129.3917 191.8609 0.549262 0.147174 0.8225881 0 230 230 230 255 
-385.3966 103.2674 80.69669 -0.8390945 0.2248412 -0.4953454 0 230 230 230 255 
-385.3131 103.244 80.74651 0.839083 -0.224836 0.495367 0 230 230 230 255 
-282.1292 162.888 -14.72087 -0.617007 0.3562261 -0.7017161 0 230 230 230 255 
-282.0676 162.8529 -14.64907 0.6170059 -0.356226 0.701717 0 230 230 230 255 
-199.4953 115.1793 -87.93696 -0.4399961 0.2540291 -0.8613203 0 230 230 230 255 
-199.4528 115.1543 -87.8505 0.4400009 -0.254029 0.8613179 0 230 230 230 255 
-448.2996 -2.92713e-06 66.96492 -0.8686965 2.165221e-08 -0.4953448 0 230 230 230 255 
-448.2132 -2.929307e-06 67.01474 0.8686832 -2.165323e-08 0.4953682 0 230 230 230 255 
-353.5634 -94.73618 -40.24431 -0.6881804 -0.1843961 -0.7017164 0 230 230 230 255 
-353.4946 -94.71861 -40.17397 0.6881796 0.1843979 0.7017167 0 230 230 230 255 
-366.035 1.759134e-06 -40.2443 -0.7124558 3.067302e-08 -0.701717 0 230 230 230 255 
-365.9647 1.75606e-06 -40.17397 0.7124564 -3.0673e-08 0.7017164 0 230 230 230 255 
-103.2674 -59.62205 -133.9621 -0.2328881 -0.134453 -0.9631644 0 230 230 230 255 
-103.244 -59.60886 -133.8654 0.2328769 0.1344549 0.9631668 0 230 230 230 255 
-115.1792 30.86169 -133.9621 -0.259748 0.06959905 -0.963165 0 230 230 230 255 
-115.1543 30.85583 -133.8654 0.259744 -0.06960006 0.9631661 0 230 230 230 255 
-429.8421 -115.1763 191.7906 -0.5041631 -0.135091 -0.8529772 0 230 230 230 255 
-429.7717 -115.1573 191.8609 0.5041481 0.135089 0.8529863 0 230 230 230 255 
-345.5363 -199.4953 80.69668 -0.7523112 -0.4343491 -0.4953471 0 230 230 230 255 
-345.4615 -199.4529 80.7465 0.7523003 0.4343451 0.4953672 0 230 230 230 255 
-433.0248 -116.0291 66.96491 -0.839096 -0.224834 -0.495346 0 230 230 230 255 
-432.9413 -116.0057 67.01473 0.8390838 0.2248289 0.4953688 0 230 230 230 255 
-199.4953 -115.1792 -87.93697 -0.4399959 -0.2540309 -0.8613199 0 230 230 230 255 
-199.4528 -115.1543 -87.85052 0.4399999 0.2540309 0.8613179 0 230 230 230 255 
-398.9922 -3.527364e-06 80.69669 -0.8686948 2.165234e-08 -0.4953478 0 230 230 230 255 
-398.9057 -3.529542e-06 80.74651 0.8686821 -2.165331e-08 0.4953701 0 230 230 230 255 
-115.1792 -30.86168 -133.9621 -0.2597481 -0.06959797 -0.9631652 0 230 230 230 255 
-115.1543 -30.85582 -133.8654 0.259744 0.06959797 0.9631662 0 230 230 230 255 
-119.2427 5.855668e-06 -133.9621 -0.2689111 4.210128e-08 -0.963165 0 230 230 230 255 
-119.2163 5.851441e-06 -133.8654 0.2689058 -4.210134e-08 0.9631665 0 230 230 230 255 
-282.1292 -162.888 -14.72089 -0.6170059 -0.3562279 -0.701716 0 230 230 230 255 
-282.0676 -162.8529 -14.64909 0.6170068 0.3562269 0.7017158 0 230 230 230 255 
-314.6746 84.31609 -14.72088 -0.688179 0.184395 -0.701718 0 230 230 230 255 
-314.6071 84.29852 -14.64908 0.6881788 -0.1844 0.7017169 0 230 230 230 255 
-385.3966 -103.2674 80.69668 -0.8390943 -0.2248401 -0.4953462 0 230 230 230 255 
-385.3131 -103.244 80.7465 0.839083 0.224836 0.495367 0 230 230 230 255 
-222.5086 59.6206 -87.93697 -0.49075 0.1314991 -0.8613202 0 230 230 230 255 
-222.4603 59.60741 -87.85051 0.490752 -0.1314991 0.8613191 0 230 230 230 255 
-222.5086 -59.62206 -87.93697 -0.49075 -0.1315009 -0.8613199 0 230 230 230 255 
-222.4603 -59.60887 -87.85051 0.490752 0.1315 0.8613189 0 230 230 230 255 
-325.7746 6.434701e-07 -14.72088 -0.7124549 1.030673e-06 -0.701718 0 230 230 230 255 
-325.7042 6.403316e-07 -14.64908 0.7124549 -3.067307e-08 0.701718 0 230 230 230 255 
-314.6746 -84.31757 -14.72088 -0.6881791 -0.184398 -0.7017171 0 230 230 230 255 
-314.6071 -84.29852 -14.64908 0.6881793 0.1844001 0.7017164 0 230 230 230 255 
-230.3585 3.843847e-06 -87.93697 -0.5080642 1.03765e-06 -0.8613192 0 230 230 230 255 
-230.3087 3.840068e-06 -87.85051 0.5080649 -1.037649e-06 0.8613188 0 230 230 230 255 
3 0 1 2 0 6 0.000977 0.952358 0.047642 0.999023 0.000977 0.999023 191 191 191 255 
3 1 0 3 0 6 0.049023 0.997642 0.002358 0.950977 0.049023 0.950977 191 191 191 255 
3 4 5 6 0 6 0.050977 0.999023 0.050977 0.952358 0.097642 0.999023 191 191 191 255 
3 7 6 5 0 6 0.099023 0.950977 0.099023 0.997642 0.052358 0.950977 191 191 191 255 
3 8 2 1 0 6 0.100977 0.952358 0.147642 0.999023 0.100977 0.999023 191 191 191 255 
3 5 4 9 0 6 0.149023 0.950977 0.149023 0.997642 0.102358 0.950977 191 191 191 255 
3 10 2 0 0 6 0.750977 0.297642 0.750977 0.252358 0.773619 0.275000 191 191 191 255 
3 6 4 11 0 6 0.775000 0.276381 0.797642 0.299023 0.752358 0.299023 191 191 191 255 
3 0 12 3 0 6 0.150977 0.952358 0.197642 0.999023 0.150977 0.999023 191 191 191 255 
3 7 13 6 0 6 0.199023 0.950977 0.199023 0.997642 0.152358 0.950977 191 191 191 255 
3 3 14 1 0 6 0.200977 0.952358 0.247642 0.999023 0.200977 0.999023 191 191 191 255 
3 5 15 7 0 6 0.249023 0.950977 0.249023 0.997642 0.202358 0.950977 191 191 191 255 
3 2 8 16 0 6 0.250977 0.952358 0.297642 0.999023 0.250977 0.999023 191 191 191 255 
3 17 9 4 0 6 0.299023 0.950977 0.299023 0.997642 0.252358 0.950977 191 191 191 255 
3 1 18 8 0 6 0.300977 0.952358 0.347642 0.999023 0.300977 0.999023 191 191 191 255 
3 9 19 5 0 6 0.349023 0.950977 0.349023 0.997642 0.302358 0.950977 191 191 191 255 
3 2 10 16 0 6 0.350977 0.999023 0.350977 0.952358 0.397642 0.999023 191 191 191 255 
3 17 11 4 0 6 0.399023 0.997642 0.352358 0.950977 0.399023 0.950977 191 191 191 255 
3 12 0 10 0 6 0.400977 0.952358 0.447642 0.999023 0.400977 0.999023 191 191 191 255 
3 11 6 13 0 6 0.449023 0.950977 0.449023 0.997642 0.402358 0.950977 191 191 191 255 
3 20 3 12 0 6 0.450977 0.952358 0.497642 0.999023 0.450977 0.999023 191 191 191 255 
3 13 7 21 0 6 0.499023 0.950977 0.499023 0.997642 0.452358 0.950977 191 191 191 255 
3 14 3 22 0 6 0.500977 0.952358 0.547642 0.999023 0.500977 0.999023 191 191 191 255 
3 23 7 15 0 6 0.549023 0.950977 0.549023 0.997642 0.502358 0.950977 191 191 191 255 
3 18 1 14 0 6 0.550977 0.952358 0.597642 0.999023 0.550977 0.999023 191 191 191 255 
3 15 5 19 0 6 0.599023 0.950977 0.599023 0.997642 0.552358 0.950977 191 191 191 255 
3 24 16 8 0 6 0.600977 0.952358 0.647642 0.999023 0.600977 0.999023 191 191 191 255 
3 9 17 25 0 6 0.649023 0.950977 0.649023 0.997642 0.602358 0.950977 191 191 191 255 
3 26 8 18 0 6 0.650977 0.952358 0.697642 0.999023 0.650977 0.999023 191 191 191 255 
3 19 9 27 0 6 0.699023 0.950977 0.699023 0.997642 0.652358 0.950977 191 191 191 255 
3 16 10 28 0 6 0.799023 0.252358 0.799023 0.297642 0.776381 0.275000 191 191 191 255 
3 29 11 17 0 6 0.775000 0.273619 0.752358 0.250977 0.797642 0.250977 191 191 191 255 
3 10 30 12 0 6 0.700977 0.952358 0.747642 0.999023 0.700977 0.999023 191 191 191 255 
3 13 31 11 0 6 0.749023 0.950977 0.749023 0.997642 0.702358 0.950977 191 191 191 255 
3 3 20 22 0 6 0.750977 0.952358 0.797642 0.999023 0.750977 0.999023 191 191 191 255 
3 23 21 7 0 6 0.799023 0.950977 0.799023 0.997642 0.752358 0.950977 191 191 191 255 
3 12 32 20 0 6 0.800977 0.952358 0.847642 0.999023 0.800977 0.999023 191 191 191 255 
3 21 33 13 0 6 0.849023 0.950977 0.849023 0.997642 0.802358 0.950977 191 191 191 255 
3 34 14 22 0 6 0.850977 0.952358 0.897642 0.999023 0.850977 0.999023 191 191 191 255 
3 23 15 35 0 6 0.899023 0.950977 0.899023 0.997642 0.852358 0.950977 191 191 191 255 
3 36 18 14 0 6 0.900977 0.952358 0.947642 0.999023 0.900977 0.999023 191 191 191 255 
3 15 19 37 0 6 0.949023 0.950977 0.949023 0.997642 0.902358 0.950977 191 191 191 255 
3 16 24 38 0 6 0.950977 0.952358 0.997642 0.999023 0.950977 0.999023 191 191 191 255 
3 39 25 17 0 6 0.999023 0.950977 0.999023 0.997642 0.952358 0.950977 191 191 191 255 
3 8 26 24 0 6 0.000977 0.902358 0.047642 0.949023 0.000977 0.949023 191 191 191 255 
3 25 27 9 0 6 0.049023 0.900977 0.049023 0.947642 0.002358 0.900977 191 191 191 255 
3 40 26 18 0 6 0.050977 0.902358 0.097642 0.949023 0.050977 0.949023 191 191 191 255 
3 19 27 41 0 6 0.099023 0.900977 0.099023 0.947642 0.052358 0.900977 191 191 191 255 
3 42 28 10 0 6 0.100977 0.902358 0.147642 0.949023 0.100977 0.949023 191 191 191 255 
3 11 29 43 0 6 0.149023 0.900977 0.149023 0.947642 0.102358 0.900977 191 191 191 255 
3 16 28 44 0 6 0.027358 0.074023 0.049023 0.052358 0.049023 0.074023 191 191 191 255 
3 45 29 17 0 6 0.049023 0.075977 0.049023 0.097642 0.027358 0.075977 191 191 191 255 
3 30 10 42 0 6 0.150977 0.902358 0.197642 0.949023 0.150977 0.949023 191 191 191 255 
3 43 11 31 0 6 0.199023 0.900977 0.199023 0.947642 0.152358 0.900977 191 191 191 255 
3 32 12 30 0 6 0.200977 0.902358 0.247642 0.949023 0.200977 0.949023 191 191 191 255 
3 31 13 33 0 6 0.249023 0.900977 0.249023 0.947642 0.202358 0.900977 191 191 191 255 
3 20 34 22 0 6 0.250977 0.902358 0.297642 0.949023 0.250977 0.949023 191 191 191 255 
3 23 35 21 0 6 0.299023 0.900977 0.299023 0.947642 0.252358 0.900977 191 191 191 255 
3 32 46 20 0 6 0.300977 0.902358 0.347642 0.949023 0.300977 0.949023 191 191 191 255 
3 21 47 33 0 6 0.349023 0.900977 0.349023 0.947642 0.302358 0.900977 191 191 191 255 
3 14 34 36 0 6 0.350977 0.902358 0.397642 0.949023 0.350977 0.949023 191 191 191 255 
3 37 35 15 0 6 0.399023 0.900977 0.399023 0.947642 0.352358 0.900977 191 191 191 255 
3 18 36 40 0 6 0.400977 0.902358 0.447642 0.949023 0.400977 0.949023 191 191 191 255 
3 41 37 19 0 6 0.449023 0.900977 0.449023 0.947642 0.402358 0.900977 191 191 191 255 
3 24 48 38 0 6 0.450977 0.902358 0.497642 0.949023 0.450977 0.949023 191 191 191 255 
3 39 49 25 0 6 0.499023 0.900977 0.499023 0.947642 0.452358 0.900977 191 191 191 255 
3 16 44 38 0 6 0.500977 0.949023 0.500977 0.902358 0.547642 0.949023 191 191 191 255 
3 39 45 17 0 6 0.549023 0.947642 0.502358 0.900977 0.549023 0.900977 191 191 191 255 
3 26 50 24 0 6 0.550977 0.902358 0.597642 0.949023 0.550977 0.949023 191 191 191 255 
3 25 51 27 0 6 0.599023 0.900977 0.599023 0.947642 0.552358 0.900977 191 191 191 255 
3 26 40 52 0 6 0.600977 0.902358 0.647642 0.949023 0.600977 0.949023 191 191 191 255 
3 53 41 27 0 6 0.649023 0.900977 0.649023 0.947642 0.602358 0.900977 191 191 191 255 
3 28 42 54 0 6 0.024023 0.072642 0.002358 0.050977 0.024023 0.050977 191 191 191 255 
3 55 43 29 0 6 0.025977 0.050977 0.047642 0.050977 0.025977 0.072642 191 191 191 255 
3 28 56 44 0 6 0.650977 0.902358 0.697642 0.949023 0.650977 0.949023 191 191 191 255 
3 45 57 29 0 6 0.699023 0.900977 0.699023 0.947642 0.652358 0.900977 191 191 191 255 
3 42 58 30 0 6 0.700977 0.902358 0.747642 0.949023 0.700977 0.949023 191 191 191 255 
3 31 59 43 0 6 0.749023 0.900977 0.749023 0.947642 0.702358 0.900977 191 191 191 255 
3 30 60 32 0 6 0.750977 0.902358 0.797642 0.949023 0.750977 0.949023 191 191 191 255 
3 33 61 31 0 6 0.799023 0.900977 0.799023 0.947642 0.752358 0.900977 191 191 191 255 
3 34 20 46 0 6 0.800977 0.902358 0.847642 0.949023 0.800977 0.949023 191 191 191 255 
3 47 21 35 0 6 0.849023 0.900977 0.849023 0.947642 0.802358 0.900977 191 191 191 255 
3 46 32 62 0 6 0.850977 0.902358 0.897642 0.949023 0.850977 0.949023 191 191 191 255 
3 63 33 47 0 6 0.899023 0.900977 0.899023 0.947642 0.852358 0.900977 191 191 191 255 
3 64 36 34 0 6 0.900977 0.902358 0.947642 0.949023 0.900977 0.949023 191 191 191 255 
3 35 37 65 0 6 0.949023 0.900977 0.949023 0.947642 0.902358 0.900977 191 191 191 255 
3 66 40 36 0 6 0.950977 0.902358 0.997642 0.949023 0.950977 0.949023 191 191 191 255 
3 37 41 67 0 6 0.999023 0.900977 0.999023 0.947642 0.952358 0.900977 191 191 191 255 
3 48 24 50 0 6 0.000977 0.852358 0.047642 0.899023 0.000977 0.899023 191 191 191 255 
3 51 25 49 0 6 0.049023 0.850977 0.049023 0.897642 0.002358 0.850977 191 191 191 255 
3 38 68 48 0 6 0.823619 0.275000 0.800977 0.297642 0.800977 0.252358 191 191 191 255 
3 49 69 39 0 6 0.847642 0.299023 0.802358 0.299023 0.825000 0.276381 191 191 191 255 
3 38 44 70 0 6 0.072642 0.075977 0.050977 0.097642 0.050977 0.075977 191 191 191 255 
3 71 45 39 0 6 0.050977 0.074023 0.050977 0.052358 0.072642 0.074023 191 191 191 255 
3 50 26 72 0 6 0.050977 0.852358 0.097642 0.899023 0.050977 0.899023 191 191 191 255 
3 73 27 51 0 6 0.099023 0.850977 0.099023 0.897642 0.052358 0.850977 191 191 191 255 
3 74 52 40 0 6 0.100977 0.852358 0.147642 0.899023 0.100977 0.899023 191 191 191 255 
3 41 53 75 0 6 0.149023 0.850977 0.149023 0.897642 0.102358 0.850977 191 191 191 255 
3 52 72 26 0 6 0.150977 0.852358 0.197642 0.899023 0.150977 0.899023 191 191 191 255 
3 27 73 53 0 6 0.199023 0.850977 0.199023 0.897642 0.152358 0.850977 191 191 191 255 
3 54 42 76 0 6 0.247642 0.899023 0.200977 0.899023 0.200977 0.852358 191 191 191 255 
3 77 43 55 0 6 0.202358 0.850977 0.249023 0.850977 0.249023 0.897642 191 191 191 255 
3 78 28 54 0 6 0.250977 0.852358 0.297642 0.899023 0.250977 0.899023 191 191 191 255 
3 55 29 79 0 6 0.299023 0.850977 0.299023 0.897642 0.252358 0.850977 191 191 191 255 
3 56 28 80 0 6 0.300977 0.852358 0.347642 0.899023 0.300977 0.899023 191 191 191 255 
3 81 29 57 0 6 0.349023 0.850977 0.349023 0.897642 0.302358 0.850977 191 191 191 255 
3 82 44 56 0 6 0.350977 0.852358 0.397642 0.899023 0.350977 0.899023 191 191 191 255 
3 57 45 83 0 6 0.399023 0.850977 0.399023 0.897642 0.352358 0.850977 191 191 191 255 
3 58 42 76 0 6 0.400977 0.852358 0.447642 0.899023 0.400977 0.899023 191 191 191 255 
3 77 43 59 0 6 0.449023 0.850977 0.449023 0.897642 0.402358 0.850977 191 191 191 255 
3 60 30 58 0 6 0.450977 0.852358 0.497642 0.899023 0.450977 0.899023 191 191 191 255 
3 59 31 61 0 6 0.499023 0.850977 0.499023 0.897642 0.452358 0.850977 191 191 191 255 
3 60 62 32 0 6 0.500977 0.852358 0.547642 0.899023 0.500977 0.899023 191 191 191 255 
3 33 63 61 0 6 0.549023 0.850977 0.549023 0.897642 0.502358 0.850977 191 191 191 255 
3 46 64 34 0 6 0.550977 0.852358 0.597642 0.899023 0.550977 0.899023 191 191 191 255 
3 35 65 47 0 6 0.599023 0.850977 0.599023 0.897642 0.552358 0.850977 191 191 191 255 
3 62 84 46 0 6 0.600977 0.852358 0.647642 0.899023 0.600977 0.899023 191 191 191 255 
3 47 85 63 0 6 0.649023 0.850977 0.649023 0.897642 0.602358 0.850977 191 191 191 255 
3 36 64 66 0 6 0.849023 0.252358 0.849023 0.297642 0.826381 0.275000 191 191 191 255 
3 67 65 37 0 6 0.825000 0.273619 0.802358 0.250977 0.847642 0.250977 191 191 191 255 
3 40 66 74 0 6 0.850977 0.297642 0.850977 0.252358 0.873619 0.275000 191 191 191 255 
3 75 67 41 0 6 0.875000 0.276381 0.897642 0.299023 0.852358 0.299023 191 191 191 255 
3 86 48 50 0 6 0.650977 0.852358 0.697642 0.899023 0.650977 0.899023 191 191 191 255 
3 51 49 87 0 6 0.699023 0.850977 0.699023 0.897642 0.652358 0.850977 191 191 191 255 
3 38 70 68 0 6 0.899023 0.252358 0.899023 0.297642 0.876381 0.275000 191 191 191 255 
3 69 71 39 0 6 0.875000 0.273619 0.852358 0.250977 0.897642 0.250977 191 191 191 255 
3 48 68 88 0 6 0.900977 0.297642 0.900977 0.252358 0.923619 0.275000 191 191 191 255 
3 89 69 49 0 6 0.925000 0.276381 0.947642 0.299023 0.902358 0.299023 191 191 191 255 
3 44 82 70 0 6 0.700977 0.852358 0.747642 0.899023 0.700977 0.899023 191 191 191 255 
3 71 83 45 0 6 0.749023 0.850977 0.749023 0.897642 0.702358 0.850977 191 191 191 255 
3 90 50 72 0 6 0.750977 0.852358 0.797642 0.899023 0.750977 0.899023 191 191 191 255 
3 73 51 91 0 6 0.799023 0.850977 0.799023 0.897642 0.752358 0.850977 191 191 191 255 
3 52 74 92 0 6 0.949023 0.252358 0.949023 0.297642 0.926381 0.275000 191 191 191 255 
3 93 75 53 0 6 0.925000 0.273619 0.902358 0.250977 0.947642 0.250977 191 191 191 255 
3 72 52 94 0 6 0.800977 0.852358 0.847642 0.899023 0.800977 0.899023 191 191 191 255 
3 95 53 73 0 6 0.849023 0.850977 0.849023 0.897642 0.802358 0.850977 191 191 191 255 
3 54 76 96 0 6 0.075977 0.077358 0.097642 0.099023 0.075977 0.099023 191 191 191 255 
3 97 77 55 0 6 0.074023 0.099023 0.052358 0.099023 0.074023 0.077358 191 191 191 255 
3 28 78 80 0 6 0.850977 0.852358 0.897642 0.899023 0.850977 0.899023 191 191 191 255 
3 81 79 29 0 6 0.899023 0.850977 0.899023 0.897642 0.852358 0.850977 191 191 191 255 
3 54 98 78 0 6 0.900977 0.852358 0.947642 0.899023 0.900977 0.899023 191 191 191 255 
3 79 99 55 0 6 0.949023 0.850977 0.949023 0.897642 0.902358 0.850977 191 191 191 255 
3 80 100 56 0 6 0.950977 0.852358 0.997642 0.899023 0.950977 0.899023 191 191 191 255 
3 57 101 81 0 6 0.999023 0.850977 0.999023 0.897642 0.952358 0.850977 191 191 191 255 
3 56 102 82 0 6 0.000977 0.802358 0.047642 0.849023 0.000977 0.849023 191 191 191 255 
3 83 103 57 0 6 0.049023 0.800977 0.049023 0.847642 0.002358 0.800977 191 191 191 255 
3 104 58 76 0 6 0.050977 0.802358 0.097642 0.849023 0.050977 0.849023 191 191 191 255 
3 77 59 105 0 6 0.099023 0.800977 0.099023 0.847642 0.052358 0.800977 191 191 191 255 
3 106 60 58 0 6 0.100977 0.802358 0.147642 0.849023 0.100977 0.849023 191 191 191 255 
3 59 61 107 0 6 0.149023 0.800977 0.149023 0.847642 0.102358 0.800977 191 191 191 255 
3 62 60 108 0 6 0.150977 0.802358 0.197642 0.849023 0.150977 0.849023 191 191 191 255 
3 109 61 63 0 6 0.199023 0.800977 0.199023 0.847642 0.152358 0.800977 191 191 191 255 
3 64 46 84 0 6 0.950977 0.297642 0.950977 0.252358 0.973619 0.275000 191 191 191 255 
3 85 47 65 0 6 0.975000 0.276381 0.997642 0.299023 0.952358 0.299023 191 191 191 255 
3 84 62 110 0 6 0.999023 0.252358 0.999023 0.297642 0.976381 0.275000 191 191 191 255 
3 111 63 85 0 6 0.975000 0.273619 0.952358 0.250977 0.997642 0.250977 191 191 191 255 
3 112 66 64 0 6 0.000977 0.247642 0.000977 0.202358 0.023619 0.225000 191 191 191 255 
3 65 67 113 0 6 0.025000 0.226381 0.047642 0.249023 0.002358 0.249023 191 191 191 255 
3 112 74 66 0 6 0.049023 0.202358 0.049023 0.247642 0.026381 0.225000 191 191 191 255 
3 67 75 113 0 6 0.047642 0.200977 0.025000 0.223619 0.002358 0.200977 191 191 191 255 
3 48 86 114 0 6 0.200977 0.802358 0.247642 0.849023 0.200977 0.849023 191 191 191 255 
3 115 87 49 0 6 0.249023 0.800977 0.249023 0.847642 0.202358 0.800977 191 191 191 255 
3 50 90 86 0 6 0.250977 0.802358 0.297642 0.849023 0.250977 0.849023 191 191 191 255 
3 87 91 51 0 6 0.299023 0.800977 0.299023 0.847642 0.252358 0.800977 191 191 191 255 
3 70 116 68 0 6 0.300977 0.802358 0.347642 0.849023 0.300977 0.849023 191 191 191 255 
3 69 117 71 0 6 0.349023 0.800977 0.349023 0.847642 0.302358 0.800977 191 191 191 255 
3 116 88 68 0 6 0.350977 0.802358 0.397642 0.849023 0.350977 0.849023 191 191 191 255 
3 69 89 117 0 6 0.399023 0.800977 0.399023 0.847642 0.352358 0.800977 191 191 191 255 
3 48 88 114 0 6 0.073619 0.225000 0.050977 0.247642 0.050977 0.202358 191 191 191 255 
3 115 89 49 0 6 0.097642 0.249023 0.052358 0.249023 0.075000 0.226381 191 191 191 255 
3 116 70 82 0 6 0.400977 0.802358 0.447642 0.849023 0.400977 0.849023 191 191 191 255 
3 83 71 117 0 6 0.449023 0.800977 0.449023 0.847642 0.402358 0.800977 191 191 191 255 
3 94 90 72 0 6 0.450977 0.802358 0.497642 0.849023 0.450977 0.849023 191 191 191 255 
3 73 91 95 0 6 0.499023 0.800977 0.499023 0.847642 0.452358 0.800977 191 191 191 255 
3 112 92 74 0 6 0.099023 0.247642 0.076381 0.225000 0.099023 0.202358 191 191 191 255 
3 75 93 113 0 6 0.075000 0.223619 0.052358 0.200977 0.097642 0.200977 191 191 191 255 
3 92 94 52 0 6 0.500977 0.802358 0.547642 0.849023 0.500977 0.849023 191 191 191 255 
3 53 95 93 0 6 0.549023 0.800977 0.549023 0.847642 0.502358 0.800977 191 191 191 255 
3 96 76 118 0 6 0.100977 0.247642 0.100977 0.202358 0.123619 0.225000 191 191 191 255 
3 119 77 97 0 6 0.125000 0.226381 0.147642 0.249023 0.102358 0.249023 191 191 191 255 
3 98 54 96 0 6 0.550977 0.802358 0.597642 0.849023 0.550977 0.849023 191 191 191 255 
3 97 55 99 0 6 0.599023 0.800977 0.599023 0.847642 0.552358 0.800977 191 191 191 255 
3 120 80 78 0 6 0.600977 0.802358 0.647642 0.849023 0.600977 0.849023 191 191 191 255 
3 79 81 121 0 6 0.649023 0.800977 0.649023 0.847642 0.602358 0.800977 191 191 191 255 
3 122 78 98 0 6 0.650977 0.802358 0.697642 0.849023 0.650977 0.849023 191 191 191 255 
3 99 79 123 0 6 0.699023 0.800977 0.699023 0.847642 0.652358 0.800977 191 191 191 255 
3 100 80 124 0 6 0.700977 0.802358 0.747642 0.849023 0.700977 0.849023 191 191 191 255 
3 125 81 101 0 6 0.749023 0.800977 0.749023 0.847642 0.702358 0.800977 191 191 191 255 
3 102 56 100 0 6 0.750977 0.802358 0.797642 0.849023 0.750977 0.849023 191 191 191 255 
3 101 57 103 0 6 0.799023 0.800977 0.799023 0.847642 0.752358 0.800977 191 191 191 255 
3 126 82 102 0 6 0.800977 0.802358 0.847642 0.849023 0.800977 0.849023 191 191 191 255 
3 103 83 127 0 6 0.849023 0.800977 0.849023 0.847642 0.802358 0.800977 191 191 191 255 
3 58 104 106 0 6 0.850977 0.802358 0.897642 0.849023 0.850977 0.849023 191 191 191 255 
3 107 105 59 0 6 0.899023 0.800977 0.899023 0.847642 0.852358 0.800977 191 191 191 255 
3 118 76 104 0 6 0.149023 0.247642 0.126381 0.225000 0.149023 0.202358 191 191 191 255 
3 105 77 119 0 6 0.147642 0.200977 0.125000 0.223619 0.102358 0.200977 191 191 191 255 
3 60 106 128 0 6 0.900977 0.802358 0.947642 0.849023 0.900977 0.849023 191 191 191 255 
3 129 107 61 0 6 0.949023 0.800977 0.949023 0.847642 0.902358 0.800977 191 191 191 255 
3 128 108 60 0 6 0.950977 0.802358 0.997642 0.849023 0.950977 0.849023 191 191 191 255 
3 61 109 129 0 6 0.999023 0.800977 0.999023 0.847642 0.952358 0.800977 191 191 191 255 
3 108 110 62 0 6 0.000977 0.752358 0.047642 0.799023 0.000977 0.799023 191 191 191 255 
3 63 111 109 0 6 0.049023 0.750977 0.049023 0.797642 0.002358 0.750977 191 191 191 255 
3 112 64 84 0 6 0.150977 0.202358 0.173619 0.225000 0.150977 0.247642 191 191 191 255 
3 85 65 113 0 6 0.152358 0.249023 0.175000 0.226381 0.197642 0.249023 191 191 191 255 
3 112 84 110 0 6 0.199023 0.247642 0.176381 0.225000 0.199023 0.202358 191 191 191 255 
3 111 85 113 0 6 0.175000 0.223619 0.152358 0.200977 0.197642 0.200977 191 191 191 255 
3 86 130 114 0 6 0.050977 0.752358 0.097642 0.799023 0.050977 0.799023 191 191 191 255 
3 115 131 87 0 6 0.099023 0.750977 0.099023 0.797642 0.052358 0.750977 191 191 191 255 
3 90 132 86 0 6 0.100977 0.752358 0.147642 0.799023 0.100977 0.799023 191 191 191 255 
3 87 133 91 0 6 0.149023 0.750977 0.149023 0.797642 0.102358 0.750977 191 191 191 255 
3 88 116 134 0 6 0.150977 0.752358 0.197642 0.799023 0.150977 0.799023 191 191 191 255 
3 135 117 89 0 6 0.199023 0.750977 0.199023 0.797642 0.152358 0.750977 191 191 191 255 
3 114 88 136 0 6 0.200977 0.247642 0.200977 0.202358 0.223619 0.225000 191 191 191 255 
3 137 89 115 0 6 0.225000 0.226381 0.247642 0.249023 0.202358 0.249023 191 191 191 255 
3 82 126 116 0 6 0.200977 0.752358 0.247642 0.799023 0.200977 0.799023 191 191 191 255 
3 117 127 83 0 6 0.249023 0.750977 0.249023 0.797642 0.202358 0.750977 191 191 191 255 
3 90 94 138 0 6 0.250977 0.752358 0.297642 0.799023 0.250977 0.799023 191 191 191 255 
3 139 95 91 0 6 0.299023 0.750977 0.299023 0.797642 0.252358 0.750977 191 191 191 255 
3 112 140 92 0 6 0.249023 0.202358 0.249023 0.247642 0.226381 0.225000 191 191 191 255 
3 93 141 113 0 6 0.247642 0.200977 0.225000 0.223619 0.202358 0.200977 191 191 191 255 
3 94 92 140 0 6 0.250977 0.247642 0.250977 0.202358 0.273619 0.225000 191 191 191 255 
3 141 93 95 0 6 0.275000 0.226381 0.297642 0.249023 0.252358 0.249023 191 191 191 255 
3 142 96 118 0 6 0.300977 0.752358 0.347642 0.799023 0.300977 0.799023 191 191 191 255 
3 119 97 143 0 6 0.349023 0.750977 0.349023 0.797642 0.302358 0.750977 191 191 191 255 
3 96 142 98 0 6 0.350977 0.752358 0.397642 0.799023 0.350977 0.799023 191 191 191 255 
3 99 143 97 0 6 0.399023 0.750977 0.399023 0.797642 0.352358 0.750977 191 191 191 255 
3 80 120 124 0 6 0.400977 0.752358 0.447642 0.799023 0.400977 0.799023 191 191 191 255 
3 125 121 81 0 6 0.449023 0.750977 0.449023 0.797642 0.402358 0.750977 191 191 191 255 
3 78 122 120 0 6 0.450977 0.752358 0.497642 0.799023 0.450977 0.799023 191 191 191 255 
3 121 123 79 0 6 0.499023 0.750977 0.499023 0.797642 0.452358 0.750977 191 191 191 255 
3 98 144 122 0 6 0.500977 0.752358 0.547642 0.799023 0.500977 0.799023 191 191 191 255 
3 123 145 99 0 6 0.549023 0.750977 0.549023 0.797642 0.502358 0.750977 191 191 191 255 
3 146 100 124 0 6 0.550977 0.752358 0.597642 0.799023 0.550977 0.799023 191 191 191 255 
3 125 101 147 0 6 0.599023 0.750977 0.599023 0.797642 0.552358 0.750977 191 191 191 255 
3 148 102 100 0 6 0.600977 0.752358 0.647642 0.799023 0.600977 0.799023 191 191 191 255 
3 101 103 149 0 6 0.649023 0.750977 0.649023 0.797642 0.602358 0.750977 191 191 191 255 
3 150 126 102 0 6 0.650977 0.752358 0.697642 0.799023 0.650977 0.799023 191 191 191 255 
3 103 127 151 0 6 0.699023 0.750977 0.699023 0.797642 0.652358 0.750977 191 191 191 255 
3 104 152 106 0 6 0.700977 0.752358 0.747642 0.799023 0.700977 0.799023 191 191 191 255 
3 107 153 105 0 6 0.749023 0.750977 0.749023 0.797642 0.702358 0.750977 191 191 191 255 
3 118 104 154 0 6 0.299023 0.202358 0.299023 0.247642 0.276381 0.225000 191 191 191 255 
3 155 105 119 0 6 0.275000 0.223619 0.252358 0.200977 0.297642 0.200977 191 191 191 255 
3 106 156 128 0 6 0.750977 0.752358 0.797642 0.799023 0.750977 0.799023 191 191 191 255 
3 129 157 107 0 6 0.799023 0.750977 0.799023 0.797642 0.752358 0.750977 191 191 191 255 
3 108 128 158 0 6 0.800977 0.752358 0.847642 0.799023 0.800977 0.799023 191 191 191 255 
3 159 129 109 0 6 0.849023 0.750977 0.849023 0.797642 0.802358 0.750977 191 191 191 255 
3 110 108 160 0 6 0.300977 0.247642 0.300977 0.202358 0.323619 0.225000 191 191 191 255 
3 161 109 111 0 6 0.325000 0.226381 0.347642 0.249023 0.302358 0.249023 191 191 191 255 
3 112 110 160 0 6 0.349023 0.202358 0.349023 0.247642 0.326381 0.225000 191 191 191 255 
3 161 111 113 0 6 0.347642 0.200977 0.325000 0.223619 0.302358 0.200977 191 191 191 255 
3 130 86 132 0 6 0.850977 0.752358 0.897642 0.799023 0.850977 0.799023 191 191 191 255 
3 133 87 131 0 6 0.899023 0.750977 0.899023 0.797642 0.852358 0.750977 191 191 191 255 
3 114 136 130 0 6 0.373619 0.225000 0.350977 0.247642 0.350977 0.202358 191 191 191 255 
3 131 137 115 0 6 0.397642 0.249023 0.352358 0.249023 0.375000 0.226381 191 191 191 255 
3 132 90 162 0 6 0.900977 0.752358 0.947642 0.799023 0.900977 0.799023 191 191 191 255 
3 163 91 133 0 6 0.949023 0.750977 0.949023 0.797642 0.902358 0.750977 191 191 191 255 
3 126 134 116 0 6 0.950977 0.752358 0.997642 0.799023 0.950977 0.799023 191 191 191 255 
3 117 135 127 0 6 0.999023 0.750977 0.999023 0.797642 0.952358 0.750977 191 191 191 255 
3 164 88 134 0 6 0.000977 0.702358 0.047642 0.749023 0.000977 0.749023 191 191 191 255 
3 135 89 165 0 6 0.049023 0.700977 0.049023 0.747642 0.002358 0.700977 191 191 191 255 
3 88 164 136 0 6 0.050977 0.702358 0.097642 0.749023 0.050977 0.749023 191 191 191 255 
3 137 165 89 0 6 0.099023 0.700977 0.099023 0.747642 0.052358 0.700977 191 191 191 255 
3 140 138 94 0 6 0.100977 0.702358 0.147642 0.749023 0.100977 0.749023 191 191 191 255 
3 95 139 141 0 6 0.149023 0.700977 0.149023 0.747642 0.102358 0.700977 191 191 191 255 
3 138 162 90 0 6 0.150977 0.702358 0.197642 0.749023 0.150977 0.749023 191 191 191 255 
3 91 163 139 0 6 0.199023 0.700977 0.199023 0.747642 0.152358 0.700977 191 191 191 255 
3 112 166 140 0 6 0.399023 0.202358 0.399023 0.247642 0.376381 0.225000 191 191 191 255 
3 141 167 113 0 6 0.375000 0.223619 0.352358 0.200977 0.397642 0.200977 191 191 191 255 
3 154 142 118 0 6 0.200977 0.702358 0.247642 0.749023 0.200977 0.749023 191 191 191 255 
3 119 143 155 0 6 0.249023 0.700977 0.249023 0.747642 0.202358 0.700977 191 191 191 255 
3 144 98 142 0 6 0.250977 0.702358 0.297642 0.749023 0.250977 0.749023 191 191 191 255 
3 143 99 145 0 6 0.299023 0.700977 0.299023 0.747642 0.252358 0.700977 191 191 191 255 
3 120 146 124 0 6 0.300977 0.702358 0.347642 0.749023 0.300977 0.749023 191 191 191 255 
3 125 147 121 0 6 0.349023 0.700977 0.349023 0.747642 0.302358 0.700977 191 191 191 255 
3 122 168 120 0 6 0.350977 0.702358 0.397642 0.749023 0.350977 0.749023 191 191 191 255 
3 121 169 123 0 6 0.399023 0.700977 0.399023 0.747642 0.352358 0.700977 191 191 191 255 
3 144 170 122 0 6 0.400977 0.702358 0.447642 0.749023 0.400977 0.749023 191 191 191 255 
3 123 171 145 0 6 0.449023 0.700977 0.449023 0.747642 0.402358 0.700977 191 191 191 255 
3 100 146 148 0 6 0.400977 0.247642 0.400977 0.202358 0.423619 0.225000 191 191 191 255 
3 149 147 101 0 6 0.425000 0.226381 0.447642 0.249023 0.402358 0.249023 191 191 191 255 
3 102 148 150 0 6 0.449023 0.202358 0.449023 0.247642 0.426381 0.225000 191 191 191 255 
3 151 149 103 0 6 0.425000 0.223619 0.402358 0.200977 0.447642 0.200977 191 191 191 255 
3 126 150 172 0 6 0.450977 0.247642 0.450977 0.202358 0.473619 0.225000 191 191 191 255 
3 173 151 127 0 6 0.475000 0.226381 0.497642 0.249023 0.452358 0.249023 191 191 191 255 
3 152 104 174 0 6 0.450977 0.702358 0.497642 0.749023 0.450977 0.749023 191 191 191 255 
3 175 105 153 0 6 0.499023 0.700977 0.499023 0.747642 0.452358 0.700977 191 191 191 255 
3 156 106 152 0 6 0.500977 0.702358 0.547642 0.749023 0.500977 0.749023 191 191 191 255 
3 153 107 157 0 6 0.549023 0.700977 0.549023 0.747642 0.502358 0.700977 191 191 191 255 
3 154 104 174 0 6 0.499023 0.247642 0.476381 0.225000 0.499023 0.202358 191 191 191 255 
3 175 105 155 0 6 0.497642 0.200977 0.475000 0.223619 0.452358 0.200977 191 191 191 255 
3 156 158 128 0 6 0.550977 0.702358 0.597642 0.749023 0.550977 0.749023 191 191 191 255 
3 129 159 157 0 6 0.599023 0.700977 0.599023 0.747642 0.552358 0.700977 191 191 191 255 
3 158 160 108 0 6 0.600977 0.702358 0.647642 0.749023 0.600977 0.749023 191 191 191 255 
3 109 161 159 0 6 0.649023 0.700977 0.649023 0.747642 0.602358 0.700977 191 191 191 255 
3 112 160 176 0 6 0.500977 0.202358 0.523619 0.225000 0.500977 0.247642 191 191 191 255 
3 177 161 113 0 6 0.525000 0.226381 0.547642 0.249023 0.502358 0.249023 191 191 191 255 
3 132 178 130 0 6 0.650977 0.702358 0.697642 0.749023 0.650977 0.749023 191 191 191 255 
3 131 179 133 0 6 0.699023 0.700977 0.699023 0.747642 0.652358 0.700977 191 191 191 255 
3 130 136 180 0 6 0.549023 0.202358 0.549023 0.247642 0.526381 0.225000 191 191 191 255 
3 181 137 131 0 6 0.525000 0.223619 0.502358 0.200977 0.547642 0.200977 191 191 191 255 
3 162 182 132 0 6 0.700977 0.702358 0.747642 0.749023 0.700977 0.749023 191 191 191 255 
3 133 183 163 0 6 0.749023 0.700977 0.749023 0.747642 0.702358 0.700977 191 191 191 255 
3 134 126 184 0 6 0.750977 0.702358 0.797642 0.749023 0.750977 0.749023 191 191 191 255 
3 185 127 135 0 6 0.799023 0.700977 0.799023 0.747642 0.752358 0.700977 191 191 191 255 
3 134 186 164 0 6 0.800977 0.702358 0.847642 0.749023 0.800977 0.749023 191 191 191 255 
3 165 187 135 0 6 0.849023 0.700977 0.849023 0.747642 0.802358 0.700977 191 191 191 255 
3 164 180 136 0 6 0.850977 0.702358 0.897642 0.749023 0.850977 0.749023 191 191 191 255 
3 137 181 165 0 6 0.899023 0.700977 0.899023 0.747642 0.852358 0.700977 191 191 191 255 
3 138 140 166 0 6 0.550977 0.247642 0.550977 0.202358 0.573619 0.225000 191 191 191 255 
3 167 141 139 0 6 0.575000 0.226381 0.597642 0.249023 0.552358 0.249023 191 191 191 255 
3 162 138 188 0 6 0.900977 0.702358 0.947642 0.749023 0.900977 0.749023 191 191 191 255 
3 189 139 163 0 6 0.949023 0.700977 0.949023 0.747642 0.902358 0.700977 191 191 191 255 
3 190 166 112 0 6 0.576381 0.225000 0.599023 0.202358 0.599023 0.247642 191 191 191 255 
3 113 167 191 0 6 0.552358 0.200977 0.597642 0.200977 0.575000 0.223619 191 191 191 255 
3 142 154 192 0 6 0.950977 0.702358 0.997642 0.749023 0.950977 0.749023 191 191 191 255 
3 193 155 143 0 6 0.999023 0.700977 0.999023 0.747642 0.952358 0.700977 191 191 191 255 
3 192 144 142 0 6 0.000977 0.652358 0.047642 0.699023 0.000977 0.699023 191 191 191 255 
3 143 145 193 0 6 0.049023 0.650977 0.049023 0.697642 0.002358 0.650977 191 191 191 255 
3 146 120 168 0 6 0.600977 0.247642 0.600977 0.202358 0.623619 0.225000 191 191 191 255 
3 169 121 147 0 6 0.625000 0.226381 0.647642 0.249023 0.602358 0.249023 191 191 191 255 
3 168 122 170 0 6 0.649023 0.202358 0.649023 0.247642 0.626381 0.225000 191 191 191 255 
3 171 123 169 0 6 0.625000 0.223619 0.602358 0.200977 0.647642 0.200977 191 191 191 255 
3 170 144 194 0 6 0.650977 0.247642 0.650977 0.202358 0.673619 0.225000 191 191 191 255 
3 195 145 171 0 6 0.675000 0.226381 0.697642 0.249023 0.652358 0.249023 191 191 191 255 
3 196 148 146 0 6 0.699023 0.202358 0.699023 0.247642 0.676381 0.225000 191 191 191 255 
3 147 149 197 0 6 0.675000 0.223619 0.652358 0.200977 0.697642 0.200977 191 191 191 255 
3 198 150 148 0 6 0.700977 0.247642 0.700977 0.202358 0.723619 0.225000 191 191 191 255 
3 149 151 199 0 6 0.725000 0.226381 0.747642 0.249023 0.702358 0.249023 191 191 191 255 
3 200 172 150 0 6 0.749023 0.202358 0.749023 0.247642 0.726381 0.225000 191 191 191 255 
3 151 173 201 0 6 0.725000 0.223619 0.702358 0.200977 0.747642 0.200977 191 191 191 255 
3 172 184 126 0 6 0.050977 0.652358 0.097642 0.699023 0.050977 0.699023 191 191 191 255 
3 127 185 173 0 6 0.099023 0.650977 0.099023 0.697642 0.052358 0.650977 191 191 191 255 
3 202 152 174 0 6 0.100977 0.652358 0.147642 0.699023 0.100977 0.699023 191 191 191 255 
3 175 153 203 0 6 0.149023 0.650977 0.149023 0.697642 0.102358 0.650977 191 191 191 255 
3 204 156 152 0 6 0.150977 0.652358 0.197642 0.699023 0.150977 0.699023 191 191 191 255 
3 153 157 205 0 6 0.199023 0.650977 0.199023 0.697642 0.152358 0.650977 191 191 191 255 
3 154 174 206 0 6 0.750977 0.247642 0.750977 0.202358 0.773619 0.225000 191 191 191 255 
3 207 175 155 0 6 0.775000 0.226381 0.797642 0.249023 0.752358 0.249023 191 191 191 255 
3 158 156 208 0 6 0.200977 0.652358 0.247642 0.699023 0.200977 0.699023 191 191 191 255 
3 209 157 159 0 6 0.249023 0.650977 0.249023 0.697642 0.202358 0.650977 191 191 191 255 
3 160 158 176 0 6 0.799023 0.202358 0.799023 0.247642 0.776381 0.225000 191 191 191 255 
3 177 159 161 0 6 0.775000 0.223619 0.752358 0.200977 0.797642 0.200977 191 191 191 255 
3 112 176 210 0 6 0.800977 0.202358 0.823619 0.225000 0.800977 0.247642 191 191 191 255 
3 211 177 113 0 6 0.802358 0.249023 0.825000 0.226381 0.847642 0.249023 191 191 191 255 
3 178 132 182 0 6 0.250977 0.652358 0.297642 0.699023 0.250977 0.699023 191 191 191 255 
3 183 133 179 0 6 0.299023 0.650977 0.299023 0.697642 0.252358 0.650977 191 191 191 255 
3 130 212 178 0 6 0.849023 0.202358 0.849023 0.247642 0.826381 0.225000 191 191 191 255 
3 179 213 131 0 6 0.825000 0.223619 0.802358 0.200977 0.847642 0.200977 191 191 191 255 
3 130 180 212 0 6 0.850977 0.202358 0.873619 0.225000 0.850977 0.247642 191 191 191 255 
3 213 181 131 0 6 0.852358 0.249023 0.875000 0.226381 0.897642 0.249023 191 191 191 255 
3 182 162 214 0 6 0.300977 0.652358 0.347642 0.699023 0.300977 0.699023 191 191 191 255 
3 215 163 183 0 6 0.349023 0.650977 0.349023 0.697642 0.302358 0.650977 191 191 191 255 
3 186 134 184 0 6 0.350977 0.652358 0.397642 0.699023 0.350977 0.699023 191 191 191 255 
3 185 135 187 0 6 0.399023 0.650977 0.399023 0.697642 0.352358 0.650977 191 191 191 255 
3 186 216 164 0 6 0.400977 0.652358 0.447642 0.699023 0.400977 0.699023 191 191 191 255 
3 165 217 187 0 6 0.449023 0.650977 0.449023 0.697642 0.402358 0.650977 191 191 191 255 
3 180 164 216 0 6 0.450977 0.652358 0.497642 0.699023 0.450977 0.699023 191 191 191 255 
3 217 165 181 0 6 0.499023 0.650977 0.499023 0.697642 0.452358 0.650977 191 191 191 255 
3 166 188 138 0 6 0.500977 0.652358 0.547642 0.699023 0.500977 0.699023 191 191 191 255 
3 139 189 167 0 6 0.549023 0.650977 0.549023 0.697642 0.502358 0.650977 191 191 191 255 
3 188 214 162 0 6 0.550977 0.652358 0.597642 0.699023 0.550977 0.699023 191 191 191 255 
3 163 215 189 0 6 0.599023 0.650977 0.599023 0.697642 0.552358 0.650977 191 191 191 255 
3 188 166 190 0 6 0.899023 0.202358 0.899023 0.247642 0.876381 0.225000 191 191 191 255 
3 191 167 189 0 6 0.875000 0.223619 0.852358 0.200977 0.897642 0.200977 191 191 191 255 
3 218 190 112 0 6 0.900977 0.202358 0.923619 0.225000 0.900977 0.247642 191 191 191 255 
3 113 191 219 0 6 0.902358 0.249023 0.925000 0.226381 0.947642 0.249023 191 191 191 255 
3 154 220 192 0 6 0.600977 0.652358 0.647642 0.699023 0.600977 0.699023 191 191 191 255 
3 193 221 155 0 6 0.649023 0.650977 0.649023 0.697642 0.602358 0.650977 191 191 191 255 
3 144 192 222 0 6 0.650977 0.652358 0.697642 0.699023 0.650977 0.699023 191 191 191 255 
3 223 193 145 0 6 0.699023 0.650977 0.699023 0.697642 0.652358 0.650977 191 191 191 255 
3 168 196 146 0 6 0.949023 0.202358 0.949023 0.247642 0.926381 0.225000 191 191 191 255 
3 147 197 169 0 6 0.925000 0.223619 0.902358 0.200977 0.947642 0.200977 191 191 191 255 
3 170 224 168 0 6 0.950977 0.247642 0.950977 0.202358 0.973619 0.225000 191 191 191 255 
3 169 225 171 0 6 0.975000 0.226381 0.997642 0.249023 0.952358 0.249023 191 191 191 255 
3 222 194 144 0 6 0.700977 0.652358 0.747642 0.699023 0.700977 0.699023 191 191 191 255 
3 145 195 223 0 6 0.749023 0.650977 0.749023 0.697642 0.702358 0.650977 191 191 191 255 
3 194 226 170 0 6 0.999023 0.202358 0.999023 0.247642 0.976381 0.225000 191 191 191 255 
3 171 227 195 0 6 0.975000 0.223619 0.952358 0.200977 0.997642 0.200977 191 191 191 255 
3 148 196 198 0 6 0.077358 0.074023 0.099023 0.052358 0.099023 0.074023 191 191 191 255 
3 199 197 149 0 6 0.099023 0.075977 0.099023 0.097642 0.077358 0.075977 191 191 191 255 
3 150 198 200 0 6 0.074023 0.072642 0.052358 0.050977 0.074023 0.050977 191 191 191 255 
3 201 199 151 0 6 0.075977 0.050977 0.097642 0.050977 0.075977 0.072642 191 191 191 255 
3 172 200 228 0 6 0.122642 0.075977 0.100977 0.097642 0.100977 0.075977 191 191 191 255 
3 229 201 173 0 6 0.100977 0.074023 0.100977 0.052358 0.122642 0.074023 191 191 191 255 
3 184 172 230 0 6 0.000977 0.197642 0.000977 0.152358 0.023619 0.175000 191 191 191 255 
3 231 173 185 0 6 0.025000 0.176381 0.047642 0.199023 0.002358 0.199023 191 191 191 255 
3 152 202 204 0 6 0.750977 0.652358 0.797642 0.699023 0.750977 0.699023 191 191 191 255 
3 205 203 153 0 6 0.799023 0.650977 0.799023 0.697642 0.752358 0.650977 191 191 191 255 
3 206 174 202 0 6 0.049023 0.197642 0.026381 0.175000 0.049023 0.152358 191 191 191 255 
3 203 175 207 0 6 0.047642 0.150977 0.025000 0.173619 0.002358 0.150977 191 191 191 255 
3 156 204 232 0 6 0.800977 0.652358 0.847642 0.699023 0.800977 0.699023 191 191 191 255 
3 233 205 157 0 6 0.849023 0.650977 0.849023 0.697642 0.802358 0.650977 191 191 191 255 
3 220 154 206 0 6 0.850977 0.652358 0.897642 0.699023 0.850977 0.699023 191 191 191 255 
3 207 155 221 0 6 0.899023 0.650977 0.899023 0.697642 0.852358 0.650977 191 191 191 255 
3 232 208 156 0 6 0.900977 0.652358 0.947642 0.699023 0.900977 0.699023 191 191 191 255 
3 157 209 233 0 6 0.949023 0.650977 0.949023 0.697642 0.902358 0.650977 191 191 191 255 
3 208 176 158 0 6 0.950977 0.652358 0.997642 0.699023 0.950977 0.699023 191 191 191 255 
3 159 177 209 0 6 0.999023 0.650977 0.999023 0.697642 0.952358 0.650977 191 191 191 255 
3 176 208 210 0 6 0.050977 0.197642 0.050977 0.152358 0.073619 0.175000 191 191 191 255 
3 211 209 177 0 6 0.075000 0.176381 0.097642 0.199023 0.052358 0.199023 191 191 191 255 
3 112 210 234 0 6 0.099023 0.152358 0.099023 0.197642 0.076381 0.175000 191 191 191 255 
3 235 211 113 0 6 0.097642 0.150977 0.075000 0.173619 0.052358 0.150977 191 191 191 255 
3 182 236 178 0 6 0.000977 0.602358 0.047642 0.649023 0.000977 0.649023 191 191 191 255 
3 179 237 183 0 6 0.049023 0.600977 0.049023 0.647642 0.002358 0.600977 191 191 191 255 
3 178 212 238 0 6 0.100977 0.152358 0.123619 0.175000 0.100977 0.197642 191 191 191 255 
3 239 213 179 0 6 0.102358 0.199023 0.125000 0.176381 0.147642 0.199023 191 191 191 255 
3 216 212 180 0 6 0.050977 0.602358 0.097642 0.649023 0.050977 0.649023 191 191 191 255 
3 181 213 217 0 6 0.099023 0.600977 0.099023 0.647642 0.052358 0.600977 191 191 191 255 
3 214 240 182 0 6 0.100977 0.602358 0.147642 0.649023 0.100977 0.649023 191 191 191 255 
3 183 241 215 0 6 0.149023 0.600977 0.149023 0.647642 0.102358 0.600977 191 191 191 255 
3 230 186 184 0 6 0.150977 0.602358 0.197642 0.649023 0.150977 0.649023 191 191 191 255 
3 185 187 231 0 6 0.199023 0.600977 0.199023 0.647642 0.152358 0.600977 191 191 191 255 
3 216 186 242 0 6 0.200977 0.602358 0.247642 0.649023 0.200977 0.649023 191 191 191 255 
3 243 187 217 0 6 0.249023 0.600977 0.249023 0.647642 0.202358 0.600977 191 191 191 255 
3 214 188 244 0 6 0.250977 0.602358 0.297642 0.649023 0.250977 0.649023 191 191 191 255 
3 245 189 215 0 6 0.299023 0.600977 0.299023 0.647642 0.252358 0.600977 191 191 191 255 
3 190 244 188 0 6 0.300977 0.602358 0.347642 0.649023 0.300977 0.649023 191 191 191 255 
3 189 245 191 0 6 0.349023 0.600977 0.349023 0.647642 0.302358 0.600977 191 191 191 255 
3 244 190 218 0 6 0.149023 0.152358 0.149023 0.197642 0.126381 0.175000 191 191 191 255 
3 219 191 245 0 6 0.125000 0.173619 0.102358 0.150977 0.147642 0.150977 191 191 191 255 
3 246 218 112 0 6 0.150977 0.152358 0.173619 0.175000 0.150977 0.197642 191 191 191 255 
3 113 219 247 0 6 0.197642 0.199023 0.152358 0.199023 0.175000 0.176381 191 191 191 255 
3 248 192 220 0 6 0.350977 0.602358 0.397642 0.649023 0.350977 0.649023 191 191 191 255 
3 221 193 249 0 6 0.399023 0.600977 0.399023 0.647642 0.352358 0.600977 191 191 191 255 
3 192 248 222 0 6 0.400977 0.602358 0.447642 0.649023 0.400977 0.649023 191 191 191 255 
3 223 249 193 0 6 0.449023 0.600977 0.449023 0.647642 0.402358 0.600977 191 191 191 255 
3 196 168 224 0 6 0.125977 0.077358 0.147642 0.099023 0.125977 0.099023 191 191 191 255 
3 225 169 197 0 6 0.124023 0.099023 0.102358 0.099023 0.124023 0.077358 191 191 191 255 
3 224 170 226 0 6 0.127358 0.074023 0.149023 0.052358 0.149023 0.074023 191 191 191 255 
3 227 171 225 0 6 0.149023 0.075977 0.149023 0.097642 0.127358 0.075977 191 191 191 255 
3 194 222 250 0 6 0.199023 0.152358 0.199023 0.197642 0.176381 0.175000 191 191 191 255 
3 251 223 195 0 6 0.175000 0.173619 0.152358 0.150977 0.197642 0.150977 191 191 191 255 
3 226 194 252 0 6 0.124023 0.072642 0.102358 0.050977 0.124023 0.050977 191 191 191 255 
3 253 195 227 0 6 0.125977 0.050977 0.147642 0.050977 0.125977 0.072642 191 191 191 255 
3 254 198 196 0 6 0.172642 0.075977 0.150977 0.097642 0.150977 0.075977 191 191 191 255 
3 197 199 255 0 6 0.150977 0.074023 0.150977 0.052358 0.172642 0.074023 191 191 191 255 
3 254 200 198 0 6 0.197642 0.099023 0.175977 0.099023 0.175977 0.077358 191 191 191 255 
3 199 201 255 0 6 0.174023 0.077358 0.174023 0.099023 0.152358 0.099023 191 191 191 255 
3 254 228 200 0 6 0.177358 0.074023 0.199023 0.052358 0.199023 0.074023 191 191 191 255 
3 201 229 255 0 6 0.199023 0.075977 0.199023 0.097642 0.177358 0.075977 191 191 191 255 
3 228 230 172 0 6 0.200977 0.197642 0.200977 0.152358 0.223619 0.175000 191 191 191 255 
3 173 231 229 0 6 0.225000 0.176381 0.247642 0.199023 0.202358 0.199023 191 191 191 255 
3 202 256 204 0 6 0.450977 0.602358 0.497642 0.649023 0.450977 0.649023 191 191 191 255 
3 205 257 203 0 6 0.499023 0.600977 0.499023 0.647642 0.452358 0.600977 191 191 191 255 
3 206 202 258 0 6 0.249023 0.152358 0.249023 0.197642 0.226381 0.175000 191 191 191 255 
3 259 203 207 0 6 0.225000 0.173619 0.202358 0.150977 0.247642 0.150977 191 191 191 255 
3 204 260 232 0 6 0.500977 0.602358 0.547642 0.649023 0.500977 0.649023 191 191 191 255 
3 233 261 205 0 6 0.549023 0.600977 0.549023 0.647642 0.502358 0.600977 191 191 191 255 
3 258 220 206 0 6 0.550977 0.602358 0.597642 0.649023 0.550977 0.649023 191 191 191 255 
3 207 221 259 0 6 0.599023 0.600977 0.599023 0.647642 0.552358 0.600977 191 191 191 255 
3 208 232 262 0 6 0.600977 0.602358 0.647642 0.649023 0.600977 0.649023 191 191 191 255 
3 263 233 209 0 6 0.649023 0.600977 0.649023 0.647642 0.602358 0.600977 191 191 191 255 
3 262 210 208 0 6 0.650977 0.602358 0.697642 0.649023 0.650977 0.649023 191 191 191 255 
3 209 211 263 0 6 0.699023 0.600977 0.699023 0.647642 0.652358 0.600977 191 191 191 255 
3 210 262 234 0 6 0.250977 0.197642 0.250977 0.152358 0.273619 0.175000 191 191 191 255 
3 235 263 211 0 6 0.275000 0.176381 0.297642 0.199023 0.252358 0.199023 191 191 191 255 
3 264 112 234 0 6 0.299023 0.152358 0.299023 0.197642 0.276381 0.175000 191 191 191 255 
3 235 113 265 0 6 0.252358 0.150977 0.297642 0.150977 0.275000 0.173619 191 191 191 255 
3 236 182 240 0 6 0.700977 0.602358 0.747642 0.649023 0.700977 0.649023 191 191 191 255 
3 241 183 237 0 6 0.749023 0.600977 0.749023 0.647642 0.702358 0.600977 191 191 191 255 
3 178 238 236 0 6 0.300977 0.197642 0.300977 0.152358 0.323619 0.175000 191 191 191 255 
3 237 239 179 0 6 0.325000 0.176381 0.347642 0.199023 0.302358 0.199023 191 191 191 255 
3 266 238 212 0 6 0.750977 0.602358 0.797642 0.649023 0.750977 0.649023 191 191 191 255 
3 213 239 267 0 6 0.799023 0.600977 0.799023 0.647642 0.752358 0.600977 191 191 191 255 
3 212 216 266 0 6 0.800977 0.602358 0.847642 0.649023 0.800977 0.649023 191 191 191 255 
3 267 217 213 0 6 0.849023 0.600977 0.849023 0.647642 0.802358 0.600977 191 191 191 255 
3 240 214 268 0 6 0.850977 0.602358 0.897642 0.649023 0.850977 0.649023 191 191 191 255 
3 269 215 241 0 6 0.899023 0.600977 0.899023 0.647642 0.852358 0.600977 191 191 191 255 
3 186 230 270 0 6 0.349023 0.152358 0.349023 0.197642 0.326381 0.175000 191 191 191 255 
3 271 231 187 0 6 0.325000 0.173619 0.302358 0.150977 0.347642 0.150977 191 191 191 255 
3 270 242 186 0 6 0.900977 0.602358 0.947642 0.649023 0.900977 0.649023 191 191 191 255 
3 187 243 271 0 6 0.949023 0.600977 0.949023 0.647642 0.902358 0.600977 191 191 191 255 
3 242 266 216 0 6 0.950977 0.602358 0.997642 0.649023 0.950977 0.649023 191 191 191 255 
3 217 267 243 0 6 0.999023 0.600977 0.999023 0.647642 0.952358 0.600977 191 191 191 255 
3 272 214 244 0 6 0.000977 0.552358 0.047642 0.599023 0.000977 0.599023 191 191 191 255 
3 245 215 273 0 6 0.049023 0.550977 0.049023 0.597642 0.002358 0.550977 191 191 191 255 
3 246 244 218 0 6 0.350977 0.197642 0.350977 0.152358 0.373619 0.175000 191 191 191 255 
3 219 245 247 0 6 0.375000 0.176381 0.397642 0.199023 0.352358 0.199023 191 191 191 255 
3 274 246 112 0 6 0.376381 0.175000 0.399023 0.152358 0.399023 0.197642 191 191 191 255 
3 113 247 275 0 6 0.397642 0.150977 0.375000 0.173619 0.352358 0.150977 191 191 191 255 
3 220 276 248 0 6 0.050977 0.552358 0.097642 0.599023 0.050977 0.599023 191 191 191 255 
3 249 277 221 0 6 0.099023 0.550977 0.099023 0.597642 0.052358 0.550977 191 191 191 255 
3 248 250 222 0 6 0.100977 0.552358 0.147642 0.599023 0.100977 0.599023 191 191 191 255 
3 223 251 249 0 6 0.149023 0.550977 0.149023 0.597642 0.102358 0.550977 191 191 191 255 
3 254 196 224 0 6 0.152358 0.050977 0.174023 0.050977 0.174023 0.072642 191 191 191 255 
3 225 197 255 0 6 0.175977 0.072642 0.175977 0.050977 0.197642 0.050977 191 191 191 255 
3 254 224 226 0 6 0.222642 0.075977 0.200977 0.097642 0.200977 0.075977 191 191 191 255 
3 227 225 255 0 6 0.200977 0.074023 0.200977 0.052358 0.222642 0.074023 191 191 191 255 
3 250 252 194 0 6 0.400977 0.197642 0.400977 0.152358 0.423619 0.175000 191 191 191 255 
3 195 253 251 0 6 0.425000 0.176381 0.447642 0.199023 0.402358 0.199023 191 191 191 255 
3 254 226 252 0 6 0.247642 0.099023 0.225977 0.099023 0.225977 0.077358 191 191 191 255 
3 253 227 255 0 6 0.224023 0.099023 0.202358 0.099023 0.224023 0.077358 191 191 191 255 
3 254 278 228 0 6 0.227358 0.074023 0.249023 0.052358 0.249023 0.074023 191 191 191 255 
3 229 279 255 0 6 0.227358 0.075977 0.249023 0.075977 0.249023 0.097642 191 191 191 255 
3 230 228 278 0 6 0.224023 0.072642 0.202358 0.050977 0.224023 0.050977 191 191 191 255 
3 279 229 231 0 6 0.225977 0.050977 0.247642 0.050977 0.225977 0.072642 191 191 191 255 
3 256 202 280 0 6 0.150977 0.552358 0.197642 0.599023 0.150977 0.599023 191 191 191 255 
3 281 203 257 0 6 0.199023 0.550977 0.199023 0.597642 0.152358 0.550977 191 191 191 255 
3 260 204 256 0 6 0.200977 0.552358 0.247642 0.599023 0.200977 0.599023 191 191 191 255 
3 257 205 261 0 6 0.249023 0.550977 0.249023 0.597642 0.202358 0.550977 191 191 191 255 
3 258 202 280 0 6 0.449023 0.197642 0.426381 0.175000 0.449023 0.152358 191 191 191 255 
3 281 203 259 0 6 0.447642 0.150977 0.425000 0.173619 0.402358 0.150977 191 191 191 255 
3 260 262 232 0 6 0.250977 0.552358 0.297642 0.599023 0.250977 0.599023 191 191 191 255 
3 233 263 261 0 6 0.299023 0.550977 0.299023 0.597642 0.252358 0.550977 191 191 191 255 
3 220 258 282 0 6 0.300977 0.552358 0.347642 0.599023 0.300977 0.599023 191 191 191 255 
3 283 259 221 0 6 0.349023 0.550977 0.349023 0.597642 0.302358 0.550977 191 191 191 255 
3 284 234 262 0 6 0.350977 0.552358 0.397642 0.599023 0.350977 0.599023 191 191 191 255 
3 263 235 285 0 6 0.399023 0.550977 0.399023 0.597642 0.352358 0.550977 191 191 191 255 
3 286 112 264 0 6 0.450977 0.197642 0.450977 0.152358 0.473619 0.175000 191 191 191 255 
3 265 113 287 0 6 0.497642 0.199023 0.452358 0.199023 0.475000 0.176381 191 191 191 255 
3 234 284 264 0 6 0.499023 0.152358 0.499023 0.197642 0.476381 0.175000 191 191 191 255 
3 265 285 235 0 6 0.475000 0.173619 0.452358 0.150977 0.497642 0.150977 191 191 191 255 
3 240 288 236 0 6 0.400977 0.552358 0.447642 0.599023 0.400977 0.599023 191 191 191 255 
3 237 289 241 0 6 0.449023 0.550977 0.449023 0.597642 0.402358 0.550977 191 191 191 255 
3 236 238 290 0 6 0.500977 0.152358 0.523619 0.175000 0.500977 0.197642 191 191 191 255 
3 291 239 237 0 6 0.502358 0.199023 0.525000 0.176381 0.547642 0.199023 191 191 191 255 
3 238 266 292 0 6 0.450977 0.552358 0.497642 0.599023 0.450977 0.599023 191 191 191 255 
3 293 267 239 0 6 0.499023 0.550977 0.499023 0.597642 0.452358 0.550977 191 191 191 255 
3 214 272 268 0 6 0.500977 0.552358 0.547642 0.599023 0.500977 0.599023 191 191 191 255 
3 269 273 215 0 6 0.549023 0.550977 0.549023 0.597642 0.502358 0.550977 191 191 191 255 
3 268 294 240 0 6 0.550977 0.552358 0.597642 0.599023 0.550977 0.599023 191 191 191 255 
3 241 295 269 0 6 0.599023 0.550977 0.599023 0.597642 0.552358 0.550977 191 191 191 255 
3 278 270 230 0 6 0.549023 0.152358 0.549023 0.197642 0.526381 0.175000 191 191 191 255 
3 231 271 279 0 6 0.525000 0.173619 0.502358 0.150977 0.547642 0.150977 191 191 191 255 
3 242 270 296 0 6 0.550977 0.197642 0.550977 0.152358 0.573619 0.175000 191 191 191 255 
3 297 271 243 0 6 0.575000 0.176381 0.597642 0.199023 0.552358 0.199023 191 191 191 255 
3 266 242 298 0 6 0.600977 0.552358 0.647642 0.599023 0.600977 0.599023 191 191 191 255 
3 299 243 267 0 6 0.649023 0.550977 0.649023 0.597642 0.602358 0.550977 191 191 191 255 
3 244 246 272 0 6 0.650977 0.552358 0.697642 0.599023 0.650977 0.599023 191 191 191 255 
3 273 247 245 0 6 0.699023 0.550977 0.699023 0.597642 0.652358 0.550977 191 191 191 255 
3 274 272 246 0 6 0.599023 0.152358 0.599023 0.197642 0.576381 0.175000 191 191 191 255 
3 247 273 275 0 6 0.575000 0.173619 0.552358 0.150977 0.597642 0.150977 191 191 191 255 
3 300 274 112 0 6 0.600977 0.152358 0.623619 0.175000 0.600977 0.197642 191 191 191 255 
3 113 275 301 0 6 0.647642 0.199023 0.602358 0.199023 0.625000 0.176381 191 191 191 255 
3 276 220 282 0 6 0.700977 0.552358 0.747642 0.599023 0.700977 0.599023 191 191 191 255 
3 283 221 277 0 6 0.749023 0.550977 0.749023 0.597642 0.702358 0.550977 191 191 191 255 
3 276 302 248 0 6 0.750977 0.552358 0.797642 0.599023 0.750977 0.599023 191 191 191 255 
3 249 303 277 0 6 0.799023 0.550977 0.799023 0.597642 0.752358 0.550977 191 191 191 255 
3 250 248 302 0 6 0.649023 0.152358 0.649023 0.197642 0.626381 0.175000 191 191 191 255 
3 303 249 251 0 6 0.625000 0.173619 0.602358 0.150977 0.647642 0.150977 191 191 191 255 
3 252 250 304 0 6 0.272642 0.075977 0.250977 0.097642 0.250977 0.075977 191 191 191 255 
3 305 251 253 0 6 0.250977 0.074023 0.250977 0.052358 0.272642 0.074023 191 191 191 255 
3 254 252 304 0 6 0.275977 0.077358 0.297642 0.099023 0.275977 0.099023 191 191 191 255 
3 305 253 255 0 6 0.274023 0.099023 0.252358 0.099023 0.274023 0.077358 191 191 191 255 
3 254 306 278 0 6 0.299023 0.052358 0.299023 0.074023 0.277358 0.074023 191 191 191 255 
3 279 307 255 0 6 0.299023 0.075977 0.299023 0.097642 0.277358 0.075977 191 191 191 255 
3 280 308 256 0 6 0.800977 0.552358 0.847642 0.599023 0.800977 0.599023 191 191 191 255 
3 257 309 281 0 6 0.849023 0.550977 0.849023 0.597642 0.802358 0.550977 191 191 191 255 
3 256 310 260 0 6 0.850977 0.552358 0.897642 0.599023 0.850977 0.599023 191 191 191 255 
3 261 311 257 0 6 0.899023 0.550977 0.899023 0.597642 0.852358 0.550977 191 191 191 255 
3 258 280 312 0 6 0.650977 0.197642 0.650977 0.152358 0.673619 0.175000 191 191 191 255 
3 313 281 259 0 6 0.675000 0.176381 0.697642 0.199023 0.652358 0.199023 191 191 191 255 
3 262 260 284 0 6 0.900977 0.552358 0.947642 0.599023 0.900977 0.599023 191 191 191 255 
3 285 261 263 0 6 0.949023 0.550977 0.949023 0.597642 0.902358 0.550977 191 191 191 255 
3 258 314 282 0 6 0.950977 0.552358 0.997642 0.599023 0.950977 0.599023 191 191 191 255 
3 283 315 259 0 6 0.999023 0.550977 0.999023 0.597642 0.952358 0.550977 191 191 191 255 
3 316 112 286 0 6 0.676381 0.175000 0.699023 0.152358 0.699023 0.197642 191 191 191 255 
3 287 113 317 0 6 0.675000 0.173619 0.652358 0.150977 0.697642 0.150977 191 191 191 255 
3 284 286 264 0 6 0.700977 0.197642 0.700977 0.152358 0.723619 0.175000 191 191 191 255 
3 265 287 285 0 6 0.725000 0.176381 0.747642 0.199023 0.702358 0.199023 191 191 191 255 
3 288 240 294 0 6 0.000977 0.502358 0.047642 0.549023 0.000977 0.549023 191 191 191 255 
3 295 241 289 0 6 0.049023 0.500977 0.049023 0.547642 0.002358 0.500977 191 191 191 255 
3 236 290 288 0 6 0.749023 0.152358 0.749023 0.197642 0.726381 0.175000 191 191 191 255 
3 289 291 237 0 6 0.725000 0.173619 0.702358 0.150977 0.747642 0.150977 191 191 191 255 
3 292 290 238 0 6 0.050977 0.502358 0.097642 0.549023 0.050977 0.549023 191 191 191 255 
3 239 291 293 0 6 0.099023 0.500977 0.099023 0.547642 0.052358 0.500977 191 191 191 255 
3 298 292 266 0 6 0.100977 0.502358 0.147642 0.549023 0.100977 0.549023 191 191 191 255 
3 267 293 299 0 6 0.149023 0.500977 0.149023 0.547642 0.102358 0.500977 191 191 191 255 
3 318 268 272 0 6 0.150977 0.502358 0.197642 0.549023 0.150977 0.549023 191 191 191 255 
3 273 269 319 0 6 0.199023 0.500977 0.199023 0.547642 0.152358 0.500977 191 191 191 255 
3 294 268 320 0 6 0.200977 0.502358 0.247642 0.549023 0.200977 0.549023 191 191 191 255 
3 321 269 295 0 6 0.249023 0.500977 0.249023 0.547642 0.202358 0.500977 191 191 191 255 
3 270 278 306 0 6 0.274023 0.072642 0.252358 0.050977 0.274023 0.050977 191 191 191 255 
3 307 279 271 0 6 0.275977 0.050977 0.297642 0.050977 0.275977 0.072642 191 191 191 255 
3 306 296 270 0 6 0.750977 0.197642 0.750977 0.152358 0.773619 0.175000 191 191 191 255 
3 271 297 307 0 6 0.775000 0.176381 0.797642 0.199023 0.752358 0.199023 191 191 191 255 
3 296 298 242 0 6 0.250977 0.502358 0.297642 0.549023 0.250977 0.549023 191 191 191 255 
3 243 299 297 0 6 0.299023 0.500977 0.299023 0.547642 0.252358 0.500977 191 191 191 255 
3 272 274 318 0 6 0.300977 0.502358 0.347642 0.549023 0.300977 0.549023 191 191 191 255 
3 319 275 273 0 6 0.349023 0.500977 0.349023 0.547642 0.302358 0.500977 191 191 191 255 
3 300 318 274 0 6 0.799023 0.152358 0.799023 0.197642 0.776381 0.175000 191 191 191 255 
3 275 319 301 0 6 0.775000 0.173619 0.752358 0.150977 0.797642 0.150977 191 191 191 255 
3 322 300 112 0 6 0.823619 0.175000 0.800977 0.197642 0.800977 0.152358 191 191 191 255 
3 113 301 323 0 6 0.802358 0.199023 0.825000 0.176381 0.847642 0.199023 191 191 191 255 
3 282 324 276 0 6 0.350977 0.502358 0.397642 0.549023 0.350977 0.549023 191 191 191 255 
3 277 325 283 0 6 0.399023 0.500977 0.399023 0.547642 0.352358 0.500977 191 191 191 255 
3 302 276 326 0 6 0.849023 0.152358 0.849023 0.197642 0.826381 0.175000 191 191 191 255 
3 327 277 303 0 6 0.825000 0.173619 0.802358 0.150977 0.847642 0.150977 191 191 191 255 
3 302 304 250 0 6 0.850977 0.197642 0.850977 0.152358 0.873619 0.175000 191 191 191 255 
3 251 305 303 0 6 0.875000 0.176381 0.897642 0.199023 0.852358 0.199023 191 191 191 255 
3 254 304 328 0 6 0.322642 0.075977 0.300977 0.097642 0.300977 0.075977 191 191 191 255 
3 329 305 255 0 6 0.322642 0.074023 0.300977 0.074023 0.300977 0.052358 191 191 191 255 
3 330 306 254 0 6 0.347642 0.099023 0.325977 0.099023 0.325977 0.077358 191 191 191 255 
3 255 307 331 0 6 0.302358 0.099023 0.324023 0.077358 0.324023 0.099023 191 191 191 255 
3 308 280 332 0 6 0.400977 0.502358 0.447642 0.549023 0.400977 0.549023 191 191 191 255 
3 333 281 309 0 6 0.449023 0.500977 0.449023 0.547642 0.402358 0.500977 191 191 191 255 
3 310 256 308 0 6 0.450977 0.502358 0.497642 0.549023 0.450977 0.549023 191 191 191 255 
3 309 257 311 0 6 0.499023 0.500977 0.499023 0.547642 0.452358 0.500977 191 191 191 255 
3 334 260 310 0 6 0.500977 0.502358 0.547642 0.549023 0.500977 0.549023 191 191 191 255 
3 311 261 335 0 6 0.549023 0.500977 0.549023 0.547642 0.502358 0.500977 191 191 191 255 
3 312 280 336 0 6 0.876381 0.175000 0.899023 0.152358 0.899023 0.197642 191 191 191 255 
3 337 281 313 0 6 0.852358 0.150977 0.897642 0.150977 0.875000 0.173619 191 191 191 255 
3 314 258 312 0 6 0.550977 0.502358 0.597642 0.549023 0.550977 0.549023 191 191 191 255 
3 313 259 315 0 6 0.599023 0.500977 0.599023 0.547642 0.552358 0.500977 191 191 191 255 
3 260 334 284 0 6 0.600977 0.502358 0.647642 0.549023 0.600977 0.549023 191 191 191 255 
3 285 335 261 0 6 0.649023 0.500977 0.649023 0.547642 0.602358 0.500977 191 191 191 255 
3 324 282 314 0 6 0.650977 0.502358 0.697642 0.549023 0.650977 0.549023 191 191 191 255 
3 315 283 325 0 6 0.699023 0.500977 0.699023 0.547642 0.652358 0.500977 191 191 191 255 
3 338 112 316 0 6 0.900977 0.197642 0.900977 0.152358 0.923619 0.175000 191 191 191 255 
3 317 113 339 0 6 0.947642 0.199023 0.902358 0.199023 0.925000 0.176381 191 191 191 255 
3 334 316 286 0 6 0.949023 0.152358 0.949023 0.197642 0.926381 0.175000 191 191 191 255 
3 287 317 335 0 6 0.925000 0.173619 0.902358 0.150977 0.947642 0.150977 191 191 191 255 
3 286 284 334 0 6 0.700977 0.502358 0.747642 0.549023 0.700977 0.549023 191 191 191 255 
3 335 285 287 0 6 0.749023 0.500977 0.749023 0.547642 0.702358 0.500977 191 191 191 255 
3 294 340 288 0 6 0.750977 0.502358 0.797642 0.549023 0.750977 0.549023 191 191 191 255 
3 289 341 295 0 6 0.799023 0.500977 0.799023 0.547642 0.752358 0.500977 191 191 191 255 
3 288 290 342 0 6 0.950977 0.152358 0.973619 0.175000 0.950977 0.197642 191 191 191 255 
3 343 291 289 0 6 0.952358 0.199023 0.975000 0.176381 0.997642 0.199023 191 191 191 255 
3 290 292 344 0 6 0.800977 0.502358 0.847642 0.549023 0.800977 0.549023 191 191 191 255 
3 345 293 291 0 6 0.849023 0.500977 0.849023 0.547642 0.802358 0.500977 191 191 191 255 
3 292 298 346 0 6 0.850977 0.502358 0.897642 0.549023 0.850977 0.549023 191 191 191 255 
3 347 299 293 0 6 0.899023 0.500977 0.899023 0.547642 0.852358 0.500977 191 191 191 255 
3 268 318 320 0 6 0.900977 0.502358 0.947642 0.549023 0.900977 0.549023 191 191 191 255 
3 321 319 269 0 6 0.949023 0.500977 0.949023 0.547642 0.902358 0.500977 191 191 191 255 
3 320 348 294 0 6 0.950977 0.502358 0.997642 0.549023 0.950977 0.549023 191 191 191 255 
3 295 349 321 0 6 0.999023 0.500977 0.999023 0.547642 0.952358 0.500977 191 191 191 255 
3 296 306 330 0 6 0.327358 0.074023 0.349023 0.052358 0.349023 0.074023 191 191 191 255 
3 331 307 297 0 6 0.349023 0.075977 0.349023 0.097642 0.327358 0.075977 191 191 191 255 
3 298 296 350 0 6 0.999023 0.152358 0.999023 0.197642 0.976381 0.175000 191 191 191 255 
3 351 297 299 0 6 0.975000 0.173619 0.952358 0.150977 0.997642 0.150977 191 191 191 255 
3 318 300 352 0 6 0.000977 0.452358 0.047642 0.499023 0.000977 0.499023 191 191 191 255 
3 353 301 319 0 6 0.049023 0.450977 0.049023 0.497642 0.002358 0.450977 191 191 191 255 
3 322 352 300 0 6 0.000977 0.147642 0.000977 0.102358 0.023619 0.125000 191 191 191 255 
3 301 353 323 0 6 0.025000 0.126381 0.047642 0.149023 0.002358 0.149023 191 191 191 255 
3 354 322 112 0 6 0.026381 0.125000 0.049023 0.102358 0.049023 0.147642 191 191 191 255 
3 113 323 355 0 6 0.002358 0.100977 0.047642 0.100977 0.025000 0.123619 191 191 191 255 
3 324 326 276 0 6 0.050977 0.452358 0.097642 0.499023 0.050977 0.499023 191 191 191 255 
3 277 327 325 0 6 0.099023 0.450977 0.099023 0.497642 0.052358 0.450977 191 191 191 255 
3 326 328 302 0 6 0.050977 0.147642 0.050977 0.102358 0.073619 0.125000 191 191 191 255 
3 303 329 327 0 6 0.075000 0.126381 0.097642 0.149023 0.052358 0.149023 191 191 191 255 
3 304 302 328 0 6 0.324023 0.072642 0.302358 0.050977 0.324023 0.050977 191 191 191 255 
3 329 303 305 0 6 0.325977 0.050977 0.347642 0.050977 0.325977 0.072642 191 191 191 255 
3 254 328 356 0 6 0.350977 0.097642 0.350977 0.075977 0.372642 0.075977 191 191 191 255 
3 357 329 255 0 6 0.350977 0.074023 0.350977 0.052358 0.372642 0.074023 191 191 191 255 
3 358 330 254 0 6 0.375977 0.099023 0.375977 0.077358 0.397642 0.099023 191 191 191 255 
3 255 331 359 0 6 0.374023 0.077358 0.374023 0.099023 0.352358 0.099023 191 191 191 255 
3 336 280 332 0 6 0.099023 0.102358 0.099023 0.147642 0.076381 0.125000 191 191 191 255 
3 333 281 337 0 6 0.075000 0.123619 0.052358 0.100977 0.097642 0.100977 191 191 191 255 
3 360 308 332 0 6 0.100977 0.452358 0.147642 0.499023 0.100977 0.499023 191 191 191 255 
3 333 309 361 0 6 0.149023 0.450977 0.149023 0.497642 0.102358 0.450977 191 191 191 255 
3 362 310 308 0 6 0.150977 0.452358 0.197642 0.499023 0.150977 0.499023 191 191 191 255 
3 309 311 363 0 6 0.199023 0.450977 0.199023 0.497642 0.152358 0.450977 191 191 191 255 
3 310 364 334 0 6 0.200977 0.452358 0.247642 0.499023 0.200977 0.499023 191 191 191 255 
3 335 365 311 0 6 0.249023 0.450977 0.249023 0.497642 0.202358 0.450977 191 191 191 255 
3 366 312 336 0 6 0.250977 0.452358 0.297642 0.499023 0.250977 0.499023 191 191 191 255 
3 337 313 367 0 6 0.299023 0.450977 0.299023 0.497642 0.252358 0.450977 191 191 191 255 
3 312 366 314 0 6 0.300977 0.452358 0.347642 0.499023 0.300977 0.499023 191 191 191 255 
3 315 367 313 0 6 0.349023 0.450977 0.349023 0.497642 0.302358 0.450977 191 191 191 255 
3 314 368 324 0 6 0.350977 0.452358 0.397642 0.499023 0.350977 0.499023 191 191 191 255 
3 325 369 315 0 6 0.399023 0.450977 0.399023 0.497642 0.352358 0.450977 191 191 191 255 
3 370 112 338 0 6 0.123619 0.125000 0.100977 0.147642 0.100977 0.102358 191 191 191 255 
3 339 113 371 0 6 0.125000 0.126381 0.147642 0.149023 0.102358 0.149023 191 191 191 255 
3 364 338 316 0 6 0.149023 0.102358 0.149023 0.147642 0.126381 0.125000 191 191 191 255 
3 317 339 365 0 6 0.125000 0.123619 0.102358 0.100977 0.147642 0.100977 191 191 191 255 
3 316 334 364 0 6 0.400977 0.452358 0.447642 0.499023 0.400977 0.499023 191 191 191 255 
3 365 335 317 0 6 0.449023 0.450977 0.449023 0.497642 0.402358 0.450977 191 191 191 255 
3 340 294 348 0 6 0.450977 0.452358 0.497642 0.499023 0.450977 0.499023 191 191 191 255 
3 349 295 341 0 6 0.499023 0.450977 0.499023 0.497642 0.452358 0.450977 191 191 191 255 
3 288 342 340 0 6 0.150977 0.147642 0.150977 0.102358 0.173619 0.125000 191 191 191 255 
3 341 343 289 0 6 0.175000 0.126381 0.197642 0.149023 0.152358 0.149023 191 191 191 255 
3 344 342 290 0 6 0.500977 0.452358 0.547642 0.499023 0.500977 0.499023 191 191 191 255 
3 291 343 345 0 6 0.549023 0.450977 0.549023 0.497642 0.502358 0.450977 191 191 191 255 
3 346 344 292 0 6 0.550977 0.452358 0.597642 0.499023 0.550977 0.499023 191 191 191 255 
3 293 345 347 0 6 0.599023 0.450977 0.599023 0.497642 0.552358 0.450977 191 191 191 255 
3 298 372 346 0 6 0.600977 0.452358 0.647642 0.499023 0.600977 0.499023 191 191 191 255 
3 347 373 299 0 6 0.649023 0.450977 0.649023 0.497642 0.602358 0.450977 191 191 191 255 
3 352 320 318 0 6 0.650977 0.452358 0.697642 0.499023 0.650977 0.499023 191 191 191 255 
3 319 321 353 0 6 0.699023 0.450977 0.699023 0.497642 0.652358 0.450977 191 191 191 255 
3 348 320 374 0 6 0.700977 0.452358 0.747642 0.499023 0.700977 0.499023 191 191 191 255 
3 375 321 349 0 6 0.749023 0.450977 0.749023 0.497642 0.702358 0.450977 191 191 191 255 
3 330 350 296 0 6 0.199023 0.102358 0.199023 0.147642 0.176381 0.125000 191 191 191 255 
3 297 351 331 0 6 0.175000 0.123619 0.152358 0.100977 0.197642 0.100977 191 191 191 255 
3 372 298 350 0 6 0.200977 0.147642 0.200977 0.102358 0.223619 0.125000 191 191 191 255 
3 351 299 373 0 6 0.225000 0.126381 0.247642 0.149023 0.202358 0.149023 191 191 191 255 
3 352 322 376 0 6 0.750977 0.452358 0.797642 0.499023 0.750977 0.499023 191 191 191 255 
3 377 323 353 0 6 0.799023 0.450977 0.799023 0.497642 0.752358 0.450977 191 191 191 255 
3 354 376 322 0 6 0.249023 0.102358 0.249023 0.147642 0.226381 0.125000 191 191 191 255 
3 323 377 355 0 6 0.225000 0.123619 0.202358 0.100977 0.247642 0.100977 191 191 191 255 
3 354 112 370 0 6 0.273619 0.125000 0.250977 0.147642 0.250977 0.102358 191 191 191 255 
3 371 113 355 0 6 0.297642 0.149023 0.252358 0.149023 0.275000 0.126381 191 191 191 255 
3 326 324 378 0 6 0.299023 0.102358 0.299023 0.147642 0.276381 0.125000 191 191 191 255 
3 379 325 327 0 6 0.275000 0.123619 0.252358 0.100977 0.297642 0.100977 191 191 191 255 
3 328 326 356 0 6 0.377358 0.074023 0.399023 0.052358 0.399023 0.074023 191 191 191 255 
3 357 327 329 0 6 0.399023 0.075977 0.399023 0.097642 0.377358 0.075977 191 191 191 255 
3 380 254 356 0 6 0.374023 0.050977 0.374023 0.072642 0.352358 0.050977 191 191 191 255 
3 357 255 381 0 6 0.375977 0.050977 0.397642 0.050977 0.375977 0.072642 191 191 191 255 
3 350 330 358 0 6 0.422642 0.075977 0.400977 0.097642 0.400977 0.075977 191 191 191 255 
3 359 331 351 0 6 0.400977 0.074023 0.400977 0.052358 0.422642 0.074023 191 191 191 255 
3 382 358 254 0 6 0.447642 0.099023 0.425977 0.099023 0.425977 0.077358 191 191 191 255 
3 255 359 383 0 6 0.402358 0.099023 0.424023 0.077358 0.424023 0.099023 191 191 191 255 
3 336 332 384 0 6 0.323619 0.125000 0.300977 0.147642 0.300977 0.102358 191 191 191 255 
3 385 333 337 0 6 0.347642 0.149023 0.302358 0.149023 0.325000 0.126381 191 191 191 255 
3 308 360 362 0 6 0.800977 0.452358 0.847642 0.499023 0.800977 0.499023 191 191 191 255 
3 363 361 309 0 6 0.849023 0.450977 0.849023 0.497642 0.802358 0.450977 191 191 191 255 
3 384 332 360 0 6 0.349023 0.102358 0.349023 0.147642 0.326381 0.125000 191 191 191 255 
3 361 333 385 0 6 0.325000 0.123619 0.302358 0.100977 0.347642 0.100977 191 191 191 255 
3 310 362 386 0 6 0.850977 0.452358 0.897642 0.499023 0.850977 0.499023 191 191 191 255 
3 387 363 311 0 6 0.899023 0.450977 0.899023 0.497642 0.852358 0.450977 191 191 191 255 
3 364 310 386 0 6 0.900977 0.452358 0.947642 0.499023 0.900977 0.499023 191 191 191 255 
3 387 311 365 0 6 0.949023 0.450977 0.949023 0.497642 0.902358 0.450977 191 191 191 255 
3 384 366 336 0 6 0.950977 0.452358 0.997642 0.499023 0.950977 0.499023 191 191 191 255 
3 337 367 385 0 6 0.999023 0.450977 0.999023 0.497642 0.952358 0.450977 191 191 191 255 
3 368 314 366 0 6 0.000977 0.402358 0.047642 0.449023 0.000977 0.449023 191 191 191 255 
3 367 315 369 0 6 0.049023 0.400977 0.049023 0.447642 0.002358 0.400977 191 191 191 255 
3 388 324 368 0 6 0.050977 0.402358 0.097642 0.449023 0.050977 0.449023 191 191 191 255 
3 369 325 389 0 6 0.099023 0.400977 0.099023 0.447642 0.052358 0.400977 191 191 191 255 
3 390 370 338 0 6 0.350977 0.147642 0.350977 0.102358 0.373619 0.125000 191 191 191 255 
3 339 371 391 0 6 0.375000 0.126381 0.397642 0.149023 0.352358 0.149023 191 191 191 255 
3 338 364 390 0 6 0.100977 0.402358 0.147642 0.449023 0.100977 0.449023 191 191 191 255 
3 391 365 339 0 6 0.149023 0.400977 0.149023 0.447642 0.102358 0.400977 191 191 191 255 
3 348 392 340 0 6 0.150977 0.402358 0.197642 0.449023 0.150977 0.449023 191 191 191 255 
3 341 393 349 0 6 0.199023 0.400977 0.199023 0.447642 0.152358 0.400977 191 191 191 255 
3 340 342 394 0 6 0.399023 0.147642 0.376381 0.125000 0.399023 0.102358 191 191 191 255 
3 395 343 341 0 6 0.397642 0.100977 0.375000 0.123619 0.352358 0.100977 191 191 191 255 
3 342 344 396 0 6 0.200977 0.402358 0.247642 0.449023 0.200977 0.449023 191 191 191 255 
3 397 345 343 0 6 0.249023 0.400977 0.249023 0.447642 0.202358 0.400977 191 191 191 255 
3 344 346 398 0 6 0.250977 0.402358 0.297642 0.449023 0.250977 0.449023 191 191 191 255 
3 399 347 345 0 6 0.299023 0.400977 0.299023 0.447642 0.252358 0.400977 191 191 191 255 
3 400 346 372 0 6 0.400977 0.147642 0.400977 0.102358 0.423619 0.125000 191 191 191 255 
3 373 347 401 0 6 0.425000 0.126381 0.447642 0.149023 0.402358 0.149023 191 191 191 255 
3 320 352 374 0 6 0.300977 0.402358 0.347642 0.449023 0.300977 0.449023 191 191 191 255 
3 375 353 321 0 6 0.349023 0.400977 0.349023 0.447642 0.302358 0.400977 191 191 191 255 
3 374 402 348 0 6 0.350977 0.402358 0.397642 0.449023 0.350977 0.449023 191 191 191 255 
3 349 403 375 0 6 0.399023 0.400977 0.399023 0.447642 0.352358 0.400977 191 191 191 255 
3 350 382 372 0 6 0.449023 0.102358 0.449023 0.147642 0.426381 0.125000 191 191 191 255 
3 373 383 351 0 6 0.425000 0.123619 0.402358 0.100977 0.447642 0.100977 191 191 191 255 
3 376 374 352 0 6 0.400977 0.402358 0.447642 0.449023 0.400977 0.449023 191 191 191 255 
3 353 375 377 0 6 0.449023 0.400977 0.449023 0.447642 0.402358 0.400977 191 191 191 255 
3 376 354 404 0 6 0.450977 0.402358 0.497642 0.449023 0.450977 0.449023 191 191 191 255 
3 405 355 377 0 6 0.499023 0.400977 0.499023 0.447642 0.452358 0.400977 191 191 191 255 
3 406 354 370 0 6 0.450977 0.147642 0.450977 0.102358 0.473619 0.125000 191 191 191 255 
3 371 355 407 0 6 0.475000 0.126381 0.497642 0.149023 0.452358 0.149023 191 191 191 255 
3 324 388 378 0 6 0.499023 0.102358 0.499023 0.147642 0.476381 0.125000 191 191 191 255 
3 379 389 325 0 6 0.475000 0.123619 0.452358 0.100977 0.497642 0.100977 191 191 191 255 
3 378 356 326 0 6 0.500977 0.147642 0.500977 0.102358 0.523619 0.125000 191 191 191 255 
3 327 357 379 0 6 0.525000 0.126381 0.547642 0.149023 0.502358 0.149023 191 191 191 255 
3 408 254 380 0 6 0.427358 0.074023 0.449023 0.052358 0.449023 0.074023 191 191 191 255 
3 381 255 409 0 6 0.449023 0.097642 0.427358 0.075977 0.449023 0.075977 191 191 191 255 
3 356 378 380 0 6 0.424023 0.072642 0.402358 0.050977 0.424023 0.050977 191 191 191 255 
3 381 379 357 0 6 0.425977 0.050977 0.447642 0.050977 0.425977 0.072642 191 191 191 255 
3 382 350 358 0 6 0.472642 0.075977 0.450977 0.097642 0.450977 0.075977 191 191 191 255 
3 359 351 383 0 6 0.450977 0.074023 0.450977 0.052358 0.472642 0.074023 191 191 191 255 
3 410 382 254 0 6 0.475977 0.099023 0.475977 0.077358 0.497642 0.099023 191 191 191 255 
3 255 383 411 0 6 0.474023 0.077358 0.474023 0.099023 0.452358 0.099023 191 191 191 255 
3 412 362 360 0 6 0.500977 0.402358 0.547642 0.449023 0.500977 0.449023 191 191 191 255 
3 361 363 413 0 6 0.549023 0.400977 0.549023 0.447642 0.502358 0.400977 191 191 191 255 
3 384 360 414 0 6 0.526381 0.125000 0.549023 0.102358 0.549023 0.147642 191 191 191 255 
3 415 361 385 0 6 0.502358 0.100977 0.547642 0.100977 0.525000 0.123619 191 191 191 255 
3 416 386 362 0 6 0.550977 0.402358 0.597642 0.449023 0.550977 0.449023 191 191 191 255 
3 363 387 417 0 6 0.599023 0.400977 0.599023 0.447642 0.552358 0.400977 191 191 191 255 
3 386 390 364 0 6 0.600977 0.402358 0.647642 0.449023 0.600977 0.449023 191 191 191 255 
3 365 391 387 0 6 0.649023 0.400977 0.649023 0.447642 0.602358 0.400977 191 191 191 255 
3 366 384 418 0 6 0.650977 0.402358 0.697642 0.449023 0.650977 0.449023 191 191 191 255 
3 419 385 367 0 6 0.699023 0.400977 0.699023 0.447642 0.652358 0.400977 191 191 191 255 
3 418 368 366 0 6 0.700977 0.402358 0.747642 0.449023 0.700977 0.449023 191 191 191 255 
3 367 369 419 0 6 0.749023 0.400977 0.749023 0.447642 0.702358 0.400977 191 191 191 255 
3 368 420 388 0 6 0.550977 0.147642 0.550977 0.102358 0.573619 0.125000 191 191 191 255 
3 389 421 369 0 6 0.575000 0.126381 0.597642 0.149023 0.552358 0.149023 191 191 191 255 
3 370 390 406 0 6 0.750977 0.402358 0.797642 0.449023 0.750977 0.449023 191 191 191 255 
3 407 391 371 0 6 0.799023 0.400977 0.799023 0.447642 0.752358 0.400977 191 191 191 255 
3 392 348 402 0 6 0.800977 0.402358 0.847642 0.449023 0.800977 0.449023 191 191 191 255 
3 403 349 393 0 6 0.849023 0.400977 0.849023 0.447642 0.802358 0.400977 191 191 191 255 
3 340 422 392 0 6 0.850977 0.402358 0.897642 0.449023 0.850977 0.449023 191 191 191 255 
3 393 423 341 0 6 0.899023 0.400977 0.899023 0.447642 0.852358 0.400977 191 191 191 255 
3 396 394 342 0 6 0.900977 0.402358 0.947642 0.449023 0.900977 0.449023 191 191 191 255 
3 343 395 397 0 6 0.949023 0.400977 0.949023 0.447642 0.902358 0.400977 191 191 191 255 
3 340 394 422 0 6 0.499023 0.052358 0.499023 0.074023 0.477358 0.074023 191 191 191 255 
3 423 395 341 0 6 0.477358 0.075977 0.499023 0.075977 0.499023 0.097642 191 191 191 255 
3 398 396 344 0 6 0.950977 0.402358 0.997642 0.449023 0.950977 0.449023 191 191 191 255 
3 345 397 399 0 6 0.999023 0.400977 0.999023 0.447642 0.952358 0.400977 191 191 191 255 
3 346 400 398 0 6 0.000977 0.352358 0.047642 0.399023 0.000977 0.399023 191 191 191 255 
3 399 401 347 0 6 0.049023 0.350977 0.049023 0.397642 0.002358 0.350977 191 191 191 255 
3 372 410 400 0 6 0.599023 0.102358 0.599023 0.147642 0.576381 0.125000 191 191 191 255 
3 401 411 373 0 6 0.575000 0.123619 0.552358 0.100977 0.597642 0.100977 191 191 191 255 
3 402 374 424 0 6 0.050977 0.352358 0.097642 0.399023 0.050977 0.399023 191 191 191 255 
3 425 375 403 0 6 0.099023 0.350977 0.099023 0.397642 0.052358 0.350977 191 191 191 255 
3 410 372 382 0 6 0.474023 0.072642 0.452358 0.050977 0.474023 0.050977 191 191 191 255 
3 383 373 411 0 6 0.475977 0.050977 0.497642 0.050977 0.475977 0.072642 191 191 191 255 
3 374 376 424 0 6 0.100977 0.352358 0.147642 0.399023 0.100977 0.399023 191 191 191 255 
3 425 377 375 0 6 0.149023 0.350977 0.149023 0.397642 0.102358 0.350977 191 191 191 255 
3 354 406 404 0 6 0.150977 0.352358 0.197642 0.399023 0.150977 0.399023 191 191 191 255 
3 405 407 355 0 6 0.199023 0.350977 0.199023 0.397642 0.152358 0.350977 191 191 191 255 
3 404 424 376 0 6 0.200977 0.352358 0.247642 0.399023 0.200977 0.399023 191 191 191 255 
3 377 425 405 0 6 0.249023 0.350977 0.249023 0.397642 0.202358 0.350977 191 191 191 255 
3 408 378 388 0 6 0.600977 0.147642 0.600977 0.102358 0.623619 0.125000 191 191 191 255 
3 389 379 409 0 6 0.625000 0.126381 0.647642 0.149023 0.602358 0.149023 191 191 191 255 
3 426 254 408 0 6 0.522642 0.075977 0.500977 0.097642 0.500977 0.075977 191 191 191 255 
3 409 255 427 0 6 0.500977 0.074023 0.500977 0.052358 0.522642 0.074023 191 191 191 255 
3 378 408 380 0 6 0.525977 0.077358 0.547642 0.099023 0.525977 0.099023 191 191 191 255 
3 381 409 379 0 6 0.524023 0.099023 0.502358 0.099023 0.524023 0.077358 191 191 191 255 
3 428 410 254 0 6 0.549023 0.052358 0.549023 0.074023 0.527358 0.074023 191 191 191 255 
3 255 411 429 0 6 0.549023 0.097642 0.527358 0.075977 0.549023 0.075977 191 191 191 255 
3 362 412 416 0 6 0.250977 0.352358 0.297642 0.399023 0.250977 0.399023 191 191 191 255 
3 417 413 363 0 6 0.299023 0.350977 0.299023 0.397642 0.252358 0.350977 191 191 191 255 
3 414 360 412 0 6 0.649023 0.102358 0.649023 0.147642 0.626381 0.125000 191 191 191 255 
3 413 361 415 0 6 0.625000 0.123619 0.602358 0.100977 0.647642 0.100977 191 191 191 255 
3 414 418 384 0 6 0.300977 0.352358 0.347642 0.399023 0.300977 0.399023 191 191 191 255 
3 385 419 415 0 6 0.349023 0.350977 0.349023 0.397642 0.302358 0.350977 191 191 191 255 
3 386 416 430 0 6 0.350977 0.352358 0.397642 0.399023 0.350977 0.399023 191 191 191 255 
3 431 417 387 0 6 0.399023 0.350977 0.399023 0.397642 0.352358 0.350977 191 191 191 255 
3 390 386 430 0 6 0.400977 0.352358 0.447642 0.399023 0.400977 0.399023 191 191 191 255 
3 431 387 391 0 6 0.449023 0.350977 0.449023 0.397642 0.402358 0.350977 191 191 191 255 
3 368 418 432 0 6 0.450977 0.352358 0.497642 0.399023 0.450977 0.399023 191 191 191 255 
3 433 419 369 0 6 0.499023 0.350977 0.499023 0.397642 0.452358 0.350977 191 191 191 255 
3 420 368 432 0 6 0.500977 0.352358 0.547642 0.399023 0.500977 0.399023 191 191 191 255 
3 433 369 421 0 6 0.549023 0.350977 0.549023 0.397642 0.502358 0.350977 191 191 191 255 
3 426 388 420 0 6 0.650977 0.147642 0.650977 0.102358 0.673619 0.125000 191 191 191 255 
3 421 389 427 0 6 0.675000 0.126381 0.697642 0.149023 0.652358 0.149023 191 191 191 255 
3 430 406 390 0 6 0.550977 0.352358 0.597642 0.399023 0.550977 0.399023 191 191 191 255 
3 391 407 431 0 6 0.599023 0.350977 0.599023 0.397642 0.552358 0.350977 191 191 191 255 
3 402 434 392 0 6 0.600977 0.352358 0.647642 0.399023 0.600977 0.399023 191 191 191 255 
3 393 435 403 0 6 0.649023 0.350977 0.649023 0.397642 0.602358 0.350977 191 191 191 255 
3 392 422 436 0 6 0.697642 0.399023 0.650977 0.399023 0.650977 0.352358 191 191 191 255 
3 437 423 393 0 6 0.652358 0.350977 0.699023 0.350977 0.699023 0.397642 191 191 191 255 
3 394 396 438 0 6 0.700977 0.352358 0.747642 0.399023 0.700977 0.399023 191 191 191 255 
3 439 397 395 0 6 0.749023 0.350977 0.749023 0.397642 0.702358 0.350977 191 191 191 255 
3 438 422 394 0 6 0.750977 0.352358 0.797642 0.399023 0.750977 0.399023 191 191 191 255 
3 395 423 439 0 6 0.799023 0.350977 0.799023 0.397642 0.752358 0.350977 191 191 191 255 
3 396 398 440 0 6 0.800977 0.352358 0.847642 0.399023 0.800977 0.399023 191 191 191 255 
3 441 399 397 0 6 0.849023 0.350977 0.849023 0.397642 0.802358 0.350977 191 191 191 255 
3 442 398 400 0 6 0.699023 0.102358 0.699023 0.147642 0.676381 0.125000 191 191 191 255 
3 401 399 443 0 6 0.675000 0.123619 0.652358 0.100977 0.697642 0.100977 191 191 191 255 
3 428 400 410 0 6 0.524023 0.072642 0.502358 0.050977 0.524023 0.050977 191 191 191 255 
3 411 401 429 0 6 0.525977 0.050977 0.547642 0.050977 0.525977 0.072642 191 191 191 255 
3 424 444 402 0 6 0.850977 0.352358 0.897642 0.399023 0.850977 0.399023 191 191 191 255 
3 403 445 425 0 6 0.899023 0.350977 0.899023 0.397642 0.852358 0.350977 191 191 191 255 
3 446 404 406 0 6 0.900977 0.352358 0.947642 0.399023 0.900977 0.399023 191 191 191 255 
3 407 405 447 0 6 0.949023 0.350977 0.949023 0.397642 0.902358 0.350977 191 191 191 255 
3 424 404 448 0 6 0.950977 0.352358 0.997642 0.399023 0.950977 0.399023 191 191 191 255 
3 449 405 425 0 6 0.999023 0.350977 0.999023 0.397642 0.952358 0.350977 191 191 191 255 
3 388 426 408 0 6 0.572642 0.075977 0.550977 0.097642 0.550977 0.075977 191 191 191 255 
3 409 427 389 0 6 0.550977 0.074023 0.550977 0.052358 0.572642 0.074023 191 191 191 255 
3 450 254 426 0 6 0.575977 0.077358 0.597642 0.099023 0.575977 0.099023 191 191 191 255 
3 427 255 451 0 6 0.574023 0.099023 0.552358 0.099023 0.574023 0.077358 191 191 191 255 
3 452 428 254 0 6 0.599023 0.074023 0.577358 0.074023 0.599023 0.052358 191 191 191 255 
3 255 429 453 0 6 0.577358 0.075977 0.599023 0.075977 0.599023 0.097642 191 191 191 255 
3 436 416 412 0 6 0.000977 0.302358 0.047642 0.349023 0.000977 0.349023 191 191 191 255 
3 413 417 437 0 6 0.049023 0.300977 0.049023 0.347642 0.002358 0.300977 191 191 191 255 
3 414 412 454 0 6 0.723619 0.125000 0.700977 0.147642 0.700977 0.102358 191 191 191 255 
3 455 413 415 0 6 0.747642 0.149023 0.702358 0.149023 0.725000 0.126381 191 191 191 255 
3 418 414 456 0 6 0.050977 0.302358 0.097642 0.349023 0.050977 0.349023 191 191 191 255 
3 457 415 419 0 6 0.099023 0.300977 0.099023 0.347642 0.052358 0.300977 191 191 191 255 
3 458 430 416 0 6 0.100977 0.302358 0.147642 0.349023 0.100977 0.349023 191 191 191 255 
3 417 431 459 0 6 0.149023 0.300977 0.149023 0.347642 0.102358 0.300977 191 191 191 255 
3 456 432 418 0 6 0.150977 0.302358 0.197642 0.349023 0.150977 0.349023 191 191 191 255 
3 419 433 457 0 6 0.199023 0.300977 0.199023 0.347642 0.152358 0.300977 191 191 191 255 
3 432 460 420 0 6 0.749023 0.102358 0.749023 0.147642 0.726381 0.125000 191 191 191 255 
3 421 461 433 0 6 0.725000 0.123619 0.702358 0.100977 0.747642 0.100977 191 191 191 255 
3 420 450 426 0 6 0.574023 0.072642 0.552358 0.050977 0.574023 0.050977 191 191 191 255 
3 427 451 421 0 6 0.575977 0.050977 0.597642 0.050977 0.575977 0.072642 191 191 191 255 
3 406 430 446 0 6 0.200977 0.302358 0.247642 0.349023 0.200977 0.349023 191 191 191 255 
3 447 431 407 0 6 0.249023 0.300977 0.249023 0.347642 0.202358 0.300977 191 191 191 255 
3 434 402 444 0 6 0.250977 0.302358 0.297642 0.349023 0.250977 0.349023 191 191 191 255 
3 445 403 435 0 6 0.299023 0.300977 0.299023 0.347642 0.252358 0.300977 191 191 191 255 
3 392 436 434 0 6 0.750977 0.147642 0.750977 0.102358 0.773619 0.125000 191 191 191 255 
3 435 437 393 0 6 0.775000 0.126381 0.797642 0.149023 0.752358 0.149023 191 191 191 255 
3 422 412 436 0 6 0.300977 0.302358 0.347642 0.349023 0.300977 0.349023 191 191 191 255 
3 437 413 423 0 6 0.349023 0.300977 0.349023 0.347642 0.302358 0.300977 191 191 191 255 
3 440 438 396 0 6 0.350977 0.302358 0.397642 0.349023 0.350977 0.349023 191 191 191 255 
3 397 439 441 0 6 0.399023 0.300977 0.399023 0.347642 0.352358 0.300977 191 191 191 255 
3 422 438 462 0 6 0.400977 0.302358 0.447642 0.349023 0.400977 0.349023 191 191 191 255 
3 463 439 423 0 6 0.449023 0.300977 0.449023 0.347642 0.402358 0.300977 191 191 191 255 
3 398 442 440 0 6 0.450977 0.302358 0.497642 0.349023 0.450977 0.349023 191 191 191 255 
3 441 443 399 0 6 0.499023 0.300977 0.499023 0.347642 0.452358 0.300977 191 191 191 255 
3 400 428 442 0 6 0.799023 0.102358 0.799023 0.147642 0.776381 0.125000 191 191 191 255 
3 443 429 401 0 6 0.775000 0.123619 0.752358 0.100977 0.797642 0.100977 191 191 191 255 
3 444 424 448 0 6 0.500977 0.302358 0.547642 0.349023 0.500977 0.349023 191 191 191 255 
3 449 425 445 0 6 0.549023 0.300977 0.549023 0.347642 0.502358 0.300977 191 191 191 255 
3 404 446 448 0 6 0.550977 0.302358 0.597642 0.349023 0.550977 0.349023 191 191 191 255 
3 449 447 405 0 6 0.599023 0.300977 0.599023 0.347642 0.552358 0.300977 191 191 191 255 
3 464 254 450 0 6 0.600977 0.075977 0.622642 0.075977 0.600977 0.097642 191 191 191 255 
3 451 255 465 0 6 0.600977 0.074023 0.600977 0.052358 0.622642 0.074023 191 191 191 255 
3 452 442 428 0 6 0.625977 0.077358 0.647642 0.099023 0.625977 0.099023 191 191 191 255 
3 429 443 453 0 6 0.624023 0.099023 0.602358 0.099023 0.624023 0.077358 191 191 191 255 
3 466 452 254 0 6 0.649023 0.052358 0.649023 0.074023 0.627358 0.074023 191 191 191 255 
3 255 453 467 0 6 0.649023 0.097642 0.627358 0.075977 0.649023 0.075977 191 191 191 255 
3 416 436 458 0 6 0.600977 0.302358 0.647642 0.349023 0.600977 0.349023 191 191 191 255 
3 459 437 417 0 6 0.649023 0.300977 0.649023 0.347642 0.602358 0.300977 191 191 191 255 
3 454 412 422 0 6 0.624023 0.050977 0.624023 0.072642 0.602358 0.050977 191 191 191 255 
3 423 413 455 0 6 0.647642 0.050977 0.625977 0.072642 0.625977 0.050977 191 191 191 255 
3 454 456 414 0 6 0.650977 0.302358 0.697642 0.349023 0.650977 0.349023 191 191 191 255 
3 415 457 455 0 6 0.699023 0.300977 0.699023 0.347642 0.652358 0.300977 191 191 191 255 
3 430 458 446 0 6 0.700977 0.302358 0.747642 0.349023 0.700977 0.349023 191 191 191 255 
3 447 459 431 0 6 0.749023 0.300977 0.749023 0.347642 0.702358 0.300977 191 191 191 255 
3 432 456 468 0 6 0.750977 0.302358 0.797642 0.349023 0.750977 0.349023 191 191 191 255 
3 469 457 433 0 6 0.799023 0.300977 0.799023 0.347642 0.752358 0.300977 191 191 191 255 
3 460 432 468 0 6 0.800977 0.302358 0.847642 0.349023 0.800977 0.349023 191 191 191 255 
3 469 433 461 0 6 0.849023 0.300977 0.849023 0.347642 0.802358 0.300977 191 191 191 255 
3 450 420 460 0 6 0.800977 0.147642 0.800977 0.102358 0.823619 0.125000 191 191 191 255 
3 461 421 451 0 6 0.825000 0.126381 0.847642 0.149023 0.802358 0.149023 191 191 191 255 
3 458 434 444 0 6 0.850977 0.302358 0.897642 0.349023 0.850977 0.349023 191 191 191 255 
3 445 435 459 0 6 0.899023 0.300977 0.899023 0.347642 0.852358 0.300977 191 191 191 255 
3 434 458 436 0 6 0.900977 0.302358 0.947642 0.349023 0.900977 0.349023 191 191 191 255 
3 437 459 435 0 6 0.949023 0.300977 0.949023 0.347642 0.902358 0.300977 191 191 191 255 
3 438 440 470 0 6 0.950977 0.302358 0.997642 0.349023 0.950977 0.349023 191 191 191 255 
3 471 441 439 0 6 0.999023 0.300977 0.999023 0.347642 0.952358 0.300977 191 191 191 255 
3 470 462 438 0 6 0.000977 0.252358 0.047642 0.299023 0.000977 0.299023 191 191 191 255 
3 439 463 471 0 6 0.049023 0.250977 0.049023 0.297642 0.002358 0.250977 191 191 191 255 
3 472 422 462 0 6 0.050977 0.252358 0.097642 0.299023 0.050977 0.299023 191 191 191 255 
3 463 423 473 0 6 0.099023 0.250977 0.099023 0.297642 0.052358 0.250977 191 191 191 255 
3 474 440 442 0 6 0.849023 0.102358 0.849023 0.147642 0.826381 0.125000 191 191 191 255 
3 443 441 475 0 6 0.825000 0.123619 0.802358 0.100977 0.847642 0.100977 191 191 191 255 
3 446 444 448 0 6 0.100977 0.252358 0.147642 0.299023 0.100977 0.299023 191 191 191 255 
3 449 445 447 0 6 0.149023 0.250977 0.149023 0.297642 0.102358 0.250977 191 191 191 255 
3 466 254 464 0 6 0.672642 0.075977 0.650977 0.097642 0.650977 0.075977 191 191 191 255 
3 465 255 467 0 6 0.650977 0.052358 0.672642 0.074023 0.650977 0.074023 191 191 191 255 
3 460 464 450 0 6 0.675977 0.077358 0.697642 0.099023 0.675977 0.099023 191 191 191 255 
3 451 465 461 0 6 0.674023 0.099023 0.652358 0.099023 0.674023 0.077358 191 191 191 255 
3 442 452 474 0 6 0.850977 0.147642 0.850977 0.102358 0.873619 0.125000 191 191 191 255 
3 475 453 443 0 6 0.875000 0.126381 0.897642 0.149023 0.852358 0.149023 191 191 191 255 
3 466 474 452 0 6 0.677358 0.074023 0.699023 0.052358 0.699023 0.074023 191 191 191 255 
3 453 475 467 0 6 0.699023 0.075977 0.699023 0.097642 0.677358 0.075977 191 191 191 255 
3 422 472 454 0 6 0.150977 0.252358 0.197642 0.299023 0.150977 0.299023 191 191 191 255 
3 455 473 423 0 6 0.199023 0.250977 0.199023 0.297642 0.152358 0.250977 191 191 191 255 
3 456 454 472 0 6 0.200977 0.252358 0.247642 0.299023 0.200977 0.299023 191 191 191 255 
3 473 455 457 0 6 0.249023 0.250977 0.249023 0.297642 0.202358 0.250977 191 191 191 255 
3 444 446 458 0 6 0.250977 0.252358 0.297642 0.299023 0.250977 0.299023 191 191 191 255 
3 459 447 445 0 6 0.299023 0.250977 0.299023 0.297642 0.252358 0.250977 191 191 191 255 
3 472 468 456 0 6 0.300977 0.252358 0.347642 0.299023 0.300977 0.299023 191 191 191 255 
3 457 469 473 0 6 0.349023 0.250977 0.349023 0.297642 0.302358 0.250977 191 191 191 255 
3 468 476 460 0 6 0.899023 0.102358 0.899023 0.147642 0.876381 0.125000 191 191 191 255 
3 461 477 469 0 6 0.875000 0.123619 0.852358 0.100977 0.897642 0.100977 191 191 191 255 
3 440 474 470 0 6 0.350977 0.252358 0.397642 0.299023 0.350977 0.299023 191 191 191 255 
3 471 475 441 0 6 0.399023 0.250977 0.399023 0.297642 0.352358 0.250977 191 191 191 255 
3 462 470 478 0 6 0.400977 0.252358 0.447642 0.299023 0.400977 0.299023 191 191 191 255 
3 479 471 463 0 6 0.449023 0.250977 0.449023 0.297642 0.402358 0.250977 191 191 191 255 
3 462 480 472 0 6 0.450977 0.252358 0.497642 0.299023 0.450977 0.299023 191 191 191 255 
3 473 481 463 0 6 0.499023 0.250977 0.499023 0.297642 0.452358 0.250977 191 191 191 255 
3 476 466 464 0 6 0.674023 0.072642 0.652358 0.050977 0.674023 0.050977 191 191 191 255 
3 465 467 477 0 6 0.675977 0.050977 0.697642 0.050977 0.675977 0.072642 191 191 191 255 
3 464 460 476 0 6 0.900977 0.147642 0.900977 0.102358 0.923619 0.125000 191 191 191 255 
3 477 461 465 0 6 0.925000 0.126381 0.947642 0.149023 0.902358 0.149023 191 191 191 255 
3 474 466 482 0 6 0.949023 0.102358 0.949023 0.147642 0.926381 0.125000 191 191 191 255 
3 483 467 475 0 6 0.925000 0.123619 0.902358 0.100977 0.947642 0.100977 191 191 191 255 
3 468 472 480 0 6 0.500977 0.252358 0.547642 0.299023 0.500977 0.299023 191 191 191 255 
3 481 473 469 0 6 0.549023 0.250977 0.549023 0.297642 0.502358 0.250977 191 191 191 255 
3 476 468 480 0 6 0.550977 0.252358 0.597642 0.299023 0.550977 0.299023 191 191 191 255 
3 481 469 477 0 6 0.599023 0.250977 0.599023 0.297642 0.552358 0.250977 191 191 191 255 
3 482 470 474 0 6 0.950977 0.147642 0.950977 0.102358 0.973619 0.125000 191 191 191 255 
3 475 471 483 0 6 0.975000 0.126381 0.997642 0.149023 0.952358 0.149023 191 191 191 255 
3 470 482 478 0 6 0.600977 0.252358 0.647642 0.299023 0.600977 0.299023 191 191 191 255 
3 479 483 471 0 6 0.649023 0.250977 0.649023 0.297642 0.602358 0.250977 191 191 191 255 
3 480 462 478 0 6 0.650977 0.252358 0.697642 0.299023 0.650977 0.299023 191 191 191 255 
3 479 463 481 0 6 0.699023 0.250977 0.699023 0.297642 0.652358 0.250977 191 191 191 255 
3 466 476 482 0 6 0.999023 0.102358 0.999023 0.147642 0.976381 0.125000 191 191 191 255 
3 483 477 467 0 6 0.975000 0.123619 0.952358 0.100977 0.997642 0.100977 191 191 191 255 
3 480 482 476 0 6 0.000977 0.097642 0.000977 0.052358 0.023619 0.075000 191 191 191 255 
3 477 483 481 0 6 0.025000 0.076381 0.047642 0.099023 0.002358 0.099023 191 191 191 255 
3 482 480 478 0 6 0.700977 0.252358 0.747642 0.299023 0.700977 0.299023 191 191 191 255 
3 479 481 483 0 6 0.749023 0.250977 0.749023 0.297642 0.702358 0.250977 191 191 191 255 
